MARCA_CARS,Motor,TAGS
JEEP,2000,cool
CHEVROLET,3000,nice
LEXUS,2500,clever
JAGUAR,2000,not-bad
DODGE,2000,bad
FORD,2000,bad
AUDI,2500,clever
TOYOTA,3000,nice
HYUNDAI,3000,cool
GMC,2000,not-bad
SATURN,2000,bad
VOLVO,2500,clever
CADILLAC,2000,not-bad
KIA,2000,cool
BIG DOG,2500,nice
MERCURY,2000,clever
BUICK,2000,not-bad
CHRYSLER,2200,bad
VOLKSWAGEN,2800,bad
MAZDA,3000,clever
LAND ROVER,3000,nice
HONDA,3000,cool
NISSAN,3000,not-bad
DAEWOO,2300,bad
MITSUBISHI,3000,clever
PONTIAC,2000,cool
BMW,3000,nice
MERCEDES BENZ,2000,clever
LINCOLN,3000,not-bad
LOAD RITE,2500,bad
SUZUKI,2000,bad
HUMMER,2000,clever
SAAB,2000,nice
ISUZU,2500,cool
ACURA,3000,not-bad
SUBARU,3000,bad
PORSCHE,2000,clever
RANGER TRAIL,2000,cool
FORD TRUCK,2500,nice
MINI,2000,clever
WESTERN,2000,not-bad
DAEWOO PUERTO RICO,2500,bad
INDIAN,2000,bad
PLYMOUTH,2000,clever
MONACO COACH,2200,nice
WORKHORSE,2800,cool
INFINITI,3000,not-bad
YAMAHA,3000,bad
SPRINTER,3000,clever
KAWASAKI,3000,not-bad
OLDSMOBILE,2300,cool
FOREST RIVER,3000,nice
HOLIDAY RAMBLER,2000,clever
KIA MOTOR,3000,not-bad
FLEETWOOD,2000,bad
MONACO,2000,bad
H-D,2000,clever
TRADEWINDS,2000,nice
AMERICAN IRONHORSE,2500,cool
,,
,,
,,
,,
,,
,,
,,
,,
,,
,,
,,
,,
,,
,,
,,
,,
,,
,,
,,
,,
,,
,,
,,
,,
,,
,,
,,
,,
,,
,,
,,
,,
,,
,,
,,
,,
,,
,,
,,
,,
,,
,,
,,
,,
,,
,,
,,
,,
,,
,,
,,
,,
,,
,,
,,
,,
,,
,,
,,
,,
,,
,,
,,
,,
,,
,,
,,
,,
,,
,,
,,
,,
,,
,,
,,
,,
,,
,,
,,
,,
,,
,,
,,
,,
,,
,,
,,
,,
,,
,,
,,
,,
,,
,,
,,
,,
,,
,,
,,
,,
,,
,,
,,
,,
,,
,,
,,
,,
,,
,,
,,
,,
,,
,,
,,
,,
,,
,,
,,
,,
,,
,,
,,
,,
,,
,,
,,
,,
,,
,,
,,
,,
,,
,,
,,
,,
,,
,,
,,
,,
,,
,,
,,
,,
,,
,,
,,
,,
,,
,,
,,
,,
,,
,,
,,
,,
,,
,,
,,
,,
,,
,,
,,
,,
,,
,,
,,
,,
,,
,,
,,
,,
,,
,,
,,
,,
,,
,,
,,
,,
,,
,,
,,
,,
,,
,,
,,
,,
,,
,,
,,
,,
,,
,,
,,
,,
,,
,,
,,
,,
,,
,,
,,
,,
,,
,,
,,
,,
,,
,,
,,
,,
,,
,,
,,
,,
,,
,,
,,
,,
,,
,,
,,
,,
,,
,,
,,
,,
,,
,,
,,
,,
,,
,,
,,
,,
,,
,,
,,
,,
,,
,,
,,
,,
,,
,,
,,
,,
,,
,,
,,
,,
,,
,,
,,
,,
,,
,,
,,
,,
,,
,,
,,
,,
,,
,,
,,
,,
,,
,,
,,
,,
,,
,,
,,
,,
,,
,,
,,
,,
,,
,,
,,
,,
,,
,,
,,
,,
,,
,,
,,
,,
,,
,,
,,
,,
,,
,,
,,
,,
,,
,,
,,
,,
,,
,,
,,
,,
,,
,,
,,
,,
,,
,,
,,
,,
,,
,,
,,
,,
,,
,,
,,
,,
,,
,,
,,
,,
,,
,,
,,
,,
,,
,,
,,
,,
,,
,,
,,
,,
,,
,,
,,
,,
,,
,,
,,
,,
,,
,,
,,
,,
,,
,,
,,
,,
,,
,,
,,
,,
,,
,,
,,
,,
,,
,,
,,
,,
,,
,,
,,
,,
,,
,,
,,
,,
,,
,,
,,
,,
,,
,,
,,
,,
,,
,,
,,
,,
,,
,,
,,
,,
,,
,,
,,
,,
,,
,,
,,
,,
,,
,,
,,
,,
,,
,,
,,
,,
,,
,,
,,
,,
,,
,,
,,
,,
,,
,,
,,
,,
,,
,,
,,
,,
,,
,,
,,
,,
,,
,,
,,
,,
,,
,,
,,
,,
,,
,,
,,
,,
,,
,,
,,
,,
,,
,,
,,
,,
,,
,,
,,
,,
,,
,,
,,
,,
,,
,,
,,
,,
,,
,,
,,
,,
,,
,,
,,
,,
,,
,,
,,
,,
,,
,,
,,
,,
,,
,,
,,
,,
,,
,,
,,
,,
,,
,,
,,
,,
,,
,,
,,
,,
,,
,,
,,
,,
,,
,,
,,
,,
,,
,,
,,
,,
,,
,,
,,
,,
,,
,,
,,
,,
,,
,,
,,
,,
,,
,,
,,
,,
,,
,,
,,
,,
,,
,,
,,
,,
,,
,,
,,
,,
,,
,,
,,
,,
,,
,,
,,
,,
,,
,,
,,
,,
,,
,,
,,
,,
,,
,,
,,
,,
,,
,,
,,
,,
,,
,,
,,
,,
,,
,,
,,
,,
,,
,,
,,
,,
,,
,,
,,
,,
,,
,,
,,
,,
,,
,,
,,
,,
,,
,,
,,
,,
,,
,,
,,
,,
,,
,,
,,
,,
,,
,,
,,
,,
,,
,,
,,
,,
,,
,,
,,
,,
,,
,,
,,
,,
,,
,,
,,
,,
,,
,,
,,
,,
,,
,,
,,
,,
,,
,,
,,
,,
,,
,,
,,
,,
,,
,,
,,
,,
,,
,,
,,
,,
,,
,,
,,
,,
,,
,,
,,
,,
,,
,,
,,
,,
,,
,,
,,
,,
,,
,,
,,
,,
,,
,,
,,
,,
,,
,,
,,
,,
,,
,,
,,
,,
,,
,,
,,
,,
,,
,,
,,
,,
,,
,,
,,
,,
,,
,,
,,
,,
,,
,,
,,
,,
,,
,,
,,
,,
,,
,,
,,
,,
,,
,,
,,
,,
,,
,,
,,
,,
,,
,,
,,
,,
,,
,,
,,
,,
,,
,,
,,
,,
,,
,,
,,
,,
,,
,,
,,
,,
,,
,,
,,
,,
,,
,,
,,
,,
,,
,,
,,
,,
,,
,,
,,
,,
,,
,,
,,
,,
,,
,,
,,
,,
,,
,,
,,
,,
,,
,,
,,
,,
,,
,,
,,
,,
,,
,,
,,
,,
,,
,,
,,
,,
,,
,,
,,
,,
,,
,,
,,
,,
,,
,,
,,
,,
,,
,,
,,
,,
,,
,,
,,
,,
,,
,,
,,
,,
,,
,,
,,
,,
,,
,,
,,
,,
,,
,,
,,
,,
,,
,,
,,
,,
,,
,,
,,
,,
,,
,,
,,
,,
,,
,,
,,
,,
,,
,,
,,
,,
,,
,,
,,
,,
,,
,,
,,
,,
,,
,,
,,
,,
,,
,,
,,
,,
,,
,,
,,
,,
,,
,,
,,
,,
,,
,,
,,
,,
,,
,,
,,
,,
,,
,,
,,
,,
,,
,,
,,
,,
,,
,,
,,
,,
,,
,,
,,
,,
,,
,,
,,
,,
,,
,,
,,
,,
,,
,,
,,
,,
,,
,,
,,
,,
,,
,,
,,
,,
,,
,,
,,
,,
,,
,,
,,
,,
,,
,,
,,
,,
,,
,,
,,
,,
,,
,,
,,
,,
,,
,,
,,
,,
,,
,,
,,
,,
,,
,,
,,
,,
,,
,,
,,
,,
,,
,,
,,
,,
,,
,,
,,
,,
,,
,,
,,
,,
,,
,,
,,
,,
,,
,,
,,
,,
,,
,,
,,
,,
,,
,,
,,
,,
,,
,,
,,
,,
,,
,,
,,
,,
,,
,,
,,
,,
,,
,,
,,
,,
,,
,,
,,
,,
,,
,,
,,
,,
,,
,,
,,
,,
,,
,,
,,
,,
,,
,,
,,
,,
,,
,,
,,
,,
,,
,,
,,
,,
,,
,,
,,
,,
,,
,,
,,
,,
,,
,,
,,
,,
,,
,,
,,
,,
,,
,,
,,
,,
,,
,,
,,
,,
,,
,,
,,
,,
,,
,,
,,
,,
,,
,,
,,
,,
,,
,,
,,
,,
,,
,,
,,
,,
,,
,,
,,
,,
,,
,,
,,
,,
,,
,,
,,
,,
,,
,,
,,
,,
,,
,,
,,
,,
,,
,,
,,
,,
,,
,,
,,
,,
,,
,,
,,
,,
,,
,,
,,
,,
,,
,,
,,
,,
,,
,,
,,
,,
,,
,,
,,
,,
,,
,,
,,
,,
,,
,,
,,
,,
,,
,,
,,
,,
,,
,,
,,
,,
,,
,,
,,
,,
,,
,,
,,
,,
,,
,,
,,
,,
,,
,,
,,
,,
,,
,,
,,
,,
,,
,,
,,
,,
,,
,,
,,
,,
,,
,,
,,
,,
,,
,,
,,
,,
,,
,,
,,
,,
,,
,,
,,
,,
,,
,,
,,
,,
,,
,,
,,
,,
,,
,,
,,
,,
,,
,,
,,
,,
,,
,,
,,
,,
,,
,,
,,
,,
,,
,,
,,
,,
,,
,,
,,
,,
,,
,,
,,
,,
,,
,,
,,
,,
,,
,,
,,
,,
,,
,,
,,
,,
,,
,,
,,
,,
,,
,,
,,
,,
,,
,,
,,
,,
,,
,,
,,
,,
,,
,,
,,
,,
,,
,,
,,
,,
,,
,,
,,
,,
,,
,,
,,
,,
,,
,,
,,
,,
,,
,,
,,
,,
,,
,,
,,
,,
,,
,,
,,
,,
,,
,,
,,
,,
,,
,,
,,
,,
,,
,,
,,
,,
,,
,,
,,
,,
,,
,,
,,
,,
,,
,,
,,
,,
,,
,,
,,
,,
,,
,,
,,
,,
,,
,,
,,
,,
,,
,,
,,
,,
,,
,,
,,
,,
,,
,,
,,
,,
,,
,,
,,
,,
,,
,,
,,
,,
,,
,,
,,
,,
,,
,,
,,
,,
,,
,,
,,
,,
,,
,,
,,
,,
,,
,,
,,
,,
,,
,,
,,
,,
,,
,,
,,
,,
,,
,,
,,
,,
,,
,,
,,
,,
,,
,,
,,
,,
,,
,,
,,
,,
,,
,,
,,
,,
,,
,,
,,
,,
,,
,,
,,
,,
,,
,,
,,
,,
,,
,,
,,
,,
,,
,,
,,
,,
,,
,,
,,
,,
,,
,,
,,
,,
,,
,,
,,
,,
,,
,,
,,
,,
,,
,,
,,
,,
,,
,,
,,
,,
,,
,,
,,
,,
,,
,,
,,
,,
,,
,,
,,
,,
,,
,,
,,
,,
,,
,,
,,
,,
,,
,,
,,
,,
,,
,,
,,
,,
,,
,,
,,
,,
,,
,,
,,
,,
,,
,,
,,
,,
,,
,,
,,
,,
,,
,,
,,
,,
,,
,,
,,
,,
,,
,,
,,
,,
,,
,,
,,
,,
,,
,,
,,
,,
,,
,,
,,
,,
,,
,,
,,
,,
,,
,,
,,
,,
,,
,,
,,
,,
,,
,,
,,
,,
,,
,,
,,
,,
,,
,,
,,
,,
,,
,,
,,
,,
,,
,,
,,
,,
,,
,,
,,
,,
,,
,,
,,
,,
,,
,,
,,
,,
,,
,,
,,
,,
,,
,,
,,
,,
,,
,,
,,
,,
,,
,,
,,
,,
,,
,,
,,
,,
,,
,,
,,
,,
,,
,,
,,
,,
,,
,,
,,
,,
,,
,,
,,
,,
,,
,,
,,
,,
,,
,,
,,
,,
,,
,,
,,
,,
,,
,,
,,
,,
,,
,,
,,
,,
,,
,,
,,
,,
,,
,,
,,
,,
,,
,,
,,
,,
,,
,,
,,
,,
,,
,,
,,
,,
,,
,,
,,
,,
,,
,,
,,
,,
,,
,,
,,
,,
,,
,,
,,
,,
,,
,,
,,
,,
,,
,,
,,
,,
,,
,,
,,
,,
,,
,,
,,
,,
,,
,,
,,
,,
,,
,,
,,
,,
,,
,,
,,
,,
,,
,,
,,
,,
,,
,,
,,
,,
,,
,,
,,
,,
,,
,,
,,
,,
,,
,,
,,
,,
,,
,,
,,
,,
,,
,,
,,
,,
,,
,,
,,
,,
,,
,,
,,
,,
,,
,,
,,
,,
,,
,,
,,
,,
,,
,,
,,
,,
,,
,,
,,
,,
,,
,,
,,
,,
,,
,,
,,
,,
,,
,,
,,
,,
,,
,,
,,
,,
,,
,,
,,
,,
,,
,,
,,
,,
,,
,,
,,
,,
,,
,,
,,
,,
,,
,,
,,
,,
,,
,,
,,
,,
,,
,,
,,
,,
,,
,,
,,
,,
,,
,,
,,
,,
,,
,,
,,
,,
,,
,,
,,
,,
,,
,,
,,
,,
,,
,,
,,
,,
,,
,,
,,
,,
,,
,,
,,
,,
,,
,,
,,
,,
,,
,,
,,
,,
,,
,,
,,
,,
,,
,,
,,
,,
,,
,,
,,
,,
,,
,,
,,
,,
SUBARU,,
FORD,,
DODGE,,
TOYOTA,,
JEEP,,
DODGE,,
CHEVROLET,,
SATURN,,
VOLVO,,
DODGE,,
MERCEDES BENZ,,
FORD,,
HONDA,,
KIA,,
SATURN,,
GMC,,
CHRYSLER,,
CHEVROLET,,
CHEVROLET,,
LEXUS,,
FORD,,
CHEVROLET,,
DODGE,,
CHEVROLET,,
FORD,,
FORD,,
DODGE,,
DODGE,,
DODGE,,
CHEVROLET,,
CHEVROLET,,
CHEVROLET,,
CHEVROLET,,
CHEVROLET,,
CHEVROLET,,
TOYOTA,,
ACURA,,
VOLVO,,
NISSAN,,
CHRYSLER,,
FORD,,
VOLVO,,
HYUNDAI,,
CHEVROLET,,
SUZUKI,,
LAND ROVER,,
VOLVO,,
HONDA,,
VOLVO,,
TOYOTA,,
CHEVROLET,,
FORD,,
BMW,,
LEXUS,,
FORD,,
FORD,,
JEEP,,
CHEVROLET,,
HONDA,,
TOYOTA,,
VOLKSWAGEN,,
TOYOTA,,
CHEVROLET,,
NISSAN,,
FORD,,
INFINITI,,
VOLVO,,
FORD,,
DODGE,,
CHEVROLET,,
CHEVROLET,,
TOYOTA,,
PONTIAC,,
FORD,,
AUDI,,
JEEP,,
CHEVROLET,,
CHEVROLET,,
FORD,,
DODGE,,
FORD,,
CHEVROLET,,
CHEVROLET,,
CHEVROLET,,
AUDI,,
AUDI,,
CHEVROLET,,
BMW,,
CHRYSLER,,
CHEVROLET,,
CHEVROLET,,
DODGE,,
DODGE,,
GMC,,
CHEVROLET,,
CHEVROLET,,
CHEVROLET,,
AUDI,,
CHEVROLET,,
ISUZU,,
CHEVROLET,,
CADILLAC,,
CHRYSLER,,
SATURN,,
FORD,,
ISUZU,,
JAGUAR,,
FORD,,
NISSAN,,
SUZUKI,,
AUDI,,
VOLVO,,
VOLVO,,
DODGE,,
FORD,,
CHEVROLET,,
AUDI,,
DODGE,,
JAGUAR,,
DODGE,,
DODGE,,
FORD,,
JEEP,,
DODGE,,
BMW,,
FORD,,
CHEVROLET,,
DODGE,,
CHEVROLET,,
CHEVROLET,,
CHEVROLET,,
CHEVROLET,,
CHEVROLET,,
CHEVROLET,,
SUBARU,,
TOYOTA,,
HONDA,,
BUICK,,
VOLVO,,
MINI,,
DODGE,,
CHRYSLER,,
CHRYSLER,,
DODGE,,
DODGE,,
CHEVROLET,,
CHEVROLET,,
FORD,,
WORKHORSE,,
GMC,,
FORD,,
FORD,,
SATURN,,
MAZDA,,
SUBARU,,
VOLKSWAGEN,,
KIA,,
FORD,,
FORD,,
FORD,,
KIA,,
NISSAN,,
HONDA,,
FORD,,
CHEVROLET,,
VOLVO,,
MERCEDES BENZ,,
FORD,,
YAMAHA,,
JEEP,,
FORD,,
DODGE,,
TOYOTA,,
KAWASAKI,,
SATURN,,
DODGE,,
MINI,,
SUBARU,,
CHRYSLER,,
TOYOTA,,
ACURA,,
JEEP,,
BUELL,,
DODGE,,
FORD,,
FORD,,
SUBARU,,
KIA,,
CHEVROLET,,
FORD,,
JEEP,,
TOYOTA,,
HONDA,,
HYUNDAI,,
FORD,,
CHRYSLER,,
HOLIDAY RAMBLER,,
HYUNDAI/TRANSLEAD,,
HONDA,,
MITSUBISHI,,
KIA,,
NISSAN,,
CHEVROLET,,
ACURA,,
VOLVO,,
VOLKSWAGEN,,
JEEP,,
TOYOTA,,
FORD,,
TOYOTA,,
TOYOTA,,
ISUZU,,
JEEP,,
TOYOTA,,
TOYOTA,,
PONTIAC,,
CHEVROLET,,
HYUNDAI,,
LINCOLN,,
BMW,,
TOYOTA,,
DODGE,,
MAZDA,,
MAZDA,,
TOYOTA,,
CHRYSLER,,
CHEVROLET,,
CHRYSLER,,
FORD,,
HYUNDAI,,
GMC,,
TOYOTA,,
CHEVROLET,,
CHEVROLET,,
VOLVO,,
DODGE,,
HONDA,,
TOYOTA,,
JEEP,,
KIA,,
CHRYSLER,,
HONDA,,
DODGE,,
TOYOTA,,
CADILLAC,,
FORD,,
FORD,,
OLDSMOBILE,,
FORD,,
CHEVROLET,,
CHEVROLET,,
DODGE,,
INFINITI,,
BUICK,,
NISSAN,,
NISSAN,,
GMC,,
FORD,,
SAAB,,
CHEVROLET,,
CHEVROLET,,
CHRYSLER,,
FORD,,
JEEP,,
FORD,,
DODGE,,
MERCEDES BENZ,,
GMC,,
YAMAHA,,
BUICK,,
VOLVO,,
INFINITI,,
TOYOTA,,
CHEVROLET,,
LEXUS,,
CHRYSLER,,
TOYOTA,,
INFINITI,,
CHEVROLET,,
SAAB,,
VOLVO,,
VOLKSWAGEN,,
NISSAN,,
FORD,,
CHEVROLET,,
TOYOTA,,
NISSAN,,
FLEETWOOD,,
TOYOTA,,
LINCOLN,,
CHEVROLET,,
CHEVROLET,,
FORD,,
CADILLAC,,
NISSAN,,
INFINITI,,
FORD,,
SATURN,,
SATURN,,
JEEP,,
FORD,,
FORD,,
HYUNDAI,,
TOYOTA,,
TOYOTA,,
HONDA,,
FORD,,
FORD,,
VOLKSWAGEN,,
BUICK,,
TOYOTA,,
FORD,,
CHRYSLER,,
ISUZU,,
VOLKSWAGEN,,
TOYOTA,,
CHRYSLER,,
TOYOTA,,
FORD,,
HONDA,,
FORD,,
HONDA,,
HONDA,,
VOLKSWAGEN,,
DODGE,,
CADILLAC,,
TOYOTA,,
KIA,,
BUICK,,
NISSAN,,
NISSAN,,
YAMAHA,,
DODGE,,
FORD,,
MITSUBISHI,,
HYUNDAI,,
SATURN,,
CHEVROLET,,
VOLKSWAGEN,,
DODGE,,
NISSAN,,
CHRYSLER,,
CHEVROLET,,
HONDA,,
HONDA,,
DODGE,,
TOYOTA,,
TOYOTA,,
SUBARU,,
CHRYSLER,,
SATURN,,
CHEVROLET,,
HARLEY DAVIDSON,,
TOYOTA,,
PONTIAC,,
VOLKSWAGEN,,
PONTIAC,,
SATURN,,
HONDA,,
HYUNDAI,,
TOYOTA,,
HONDA,,
FORD,,
ISUZU,,
GMC,,
CADILLAC,,
FOREST RIVER,,
SAAB,,
DODGE,,
LEXUS,,
LEXUS,,
CHEVROLET,,
CHEVROLET,,
FORD,,
BMW,,
CHEVROLET,,
AUDI,,
HONDA,,
CHEVROLET,,
HYUNDAI,,
TOYOTA,,
PONTIAC,,
VOLKSWAGEN,,
FORD,,
NISSAN,,
FORD,,
VOLKSWAGEN,,
CHRYSLER,,
FORD,,
LEXUS,,
VOLVO,,
FORD,,
VOLKSWAGEN,,
DODGE,,
HONDA,,
KIA,,
CHEVROLET,,
CHEVROLET,,
DODGE,,
NISSAN,,
CHEVROLET,,
DODGE,,
FORD,,
DODGE,,
DODGE,,
FORD,,
DODGE,,
AUDI,,
JAGUAR,,
CHEVROLET,,
FORD,,
FORD,,
CHEVROLET,,
DODGE,,
CHEVROLET,,
DODGE,,
FORD,,
LEXUS,,
FORD,,
DODGE,,
VOLVO,,
LEXUS,,
TOYOTA,,
KIA,,
CHEVROLET,,
GMC,,
FORD,,
FORD,,
FORD,,
FORD,,
BMW,,
LEXUS,,
LEXUS,,
VOLKSWAGEN,,
SUBARU,,
VOLVO,,
FORD,,
BMW,,
GMC,,
DODGE,,
CHRYSLER,,
DODGE,,
YAMAHA,,
HONDA,,
SATURN,,
TOYOTA,,
FORD,,
FORD,,
NISSAN,,
SUBARU,,
AUDI,,
CHEVROLET,,
FORD,,
FORD,,
FORD,,
CHEVROLET,,
JEEP,,
FORD,,
FORD,,
FORD,,
FORD,,
FORD,,
CHEVROLET,,
FORD,,
DODGE,,
JEEP,,
CHEVROLET,,
CHEVROLET,,
BMW,,
FORD,,
GMC,,
FORD,,
CHRYSLER,,
VOLVO,,
KYMCO,,
FORD,,
JEEP,,
PONTIAC,,
GMC,,
FORD,,
TOYOTA,,
FORD,,
JEEP,,
KIA,,
CHRYSLER,,
FORD,,
CHEVROLET,,
TOYOTA,,
CADILLAC,,
GMC,,
FORD,,
VOLKSWAGEN,,
BMW,,
JAGUAR,,
FORD,,
CHEVROLET,,
CHEVROLET,,
AUDI,,
BMW,,
BMW,,
CHEVROLET,,
CHEVROLET,,
CHEVROLET,,
FORD,,
CHEVROLET,,
CHEVROLET,,
CHEVROLET,,
CHRYSLER,,
CHEVROLET,,
CHRYSLER,,
BMW,,
AUDI,,
MAZDA,,
CHEVROLET,,
JEEP,,
DODGE,,
CHEVROLET,,
TOYOTA,,
FORD,,
GMC,,
DODGE,,
DODGE,,
TOYOTA,,
DODGE,,
PONTIAC,,
FORD,,
DODGE,,
CHEVROLET,,
PLYMOUTH,,
SATURN,,
NISSAN,,
OLDSMOBILE,,
VOLKSWAGEN,,
LINCOLN,,
ACURA,,
VOLVO,,
LINCOLN,,
MAZDA,,
FORD,,
FORD,,
DODGE,,
CHEVROLET,,
CHEVROLET,,
FORD,,
CHEVROLET,,
CHEVROLET,,
DODGE,,
FORD,,
FORD,,
VOLVO,,
NISSAN,,
TOYOTA,,
VOLVO,,
TOYOTA,,
CHEVROLET,,
JEEP,,
DODGE,,
OLDSMOBILE,,
HONDA,,
CHEVROLET,,
TOYOTA,,
FORD,,
CHEVROLET,,
FORD,,
TOYOTA,,
TOYOTA,,
FORD,,
BMW,,
CHEVROLET,,
MERCEDES BENZ,,
KAWASAKI,,
CHEVROLET,,
TOYOTA,,
SATURN,,
NISSAN,,
HONDA,,
KAWASAKI,,
SATURN,,
DODGE,,
NISSAN,,
CHEVROLET,,
JEEP,,
SATURN,,
ACURA,,
VOLKSWAGEN,,
CADILLAC,,
SUZUKI,,
DODGE,,
JEEP,,
CHEVROLET,,
CHRYSLER,,
VOLKSWAGEN,,
CHRYSLER,,
INFINITI,,
TOYOTA,,
SATURN,,
VOLVO,,
SATURN,,
CHEVROLET,,
SUBARU,,
HONDA,,
NISSAN,,
CHEVROLET,,
PLYMOUTH,,
DODGE,,
KIA,,
FORD,,
TOYOTA,,
FORD,,
CHRYSLER,,
DODGE,,
GMC,,
VOLKSWAGEN,,
FORD,,
CHEVROLET,,
SATURN,,
DODGE,,
MAZDA,,
FORD,,
LAND ROVER,,
DODGE,,
GMC,,
SATURN,,
OLDSMOBILE,,
CHEVROLET,,
DODGE,,
CHEVROLET,,
JEEP,,
ACURA,,
HONDA,,
FORD,,
CHEVROLET,,
MERCURY,,
FORD,,
JAGUAR,,
JEEP,,
FORD,,
FORD,,
CHEVROLET,,
DODGE,,
CHEVROLET,,
PONTIAC,,
DODGE,,
HYUNDAI,,
HONDA,,
TOYOTA,,
CHEVROLET,,
SUBARU,,
CHEVROLET,,
VOLVO,,
NISSAN,,
VOLVO,,
ISUZU,,
CHEVROLET,,
CHEVROLET,,
FORD,,
FORD,,
DODGE,,
DODGE,,
DODGE,,
CHEVROLET,,
CHEVROLET,,
CHEVROLET,,
AUDI,,
FORD,,
FORD,,
FORD,,
JEEP,,
AUDI,,
AUDI,,
FORD,,
CHEVROLET,,
TOYOTA,,
CHEVROLET,,
DODGE,,
TOYOTA,,
HONDA,,
LEXUS,,
HONDA,,
TOYOTA,,
TOYOTA,,
HONDA,,
CHEVROLET,,
MAZDA,,
FORD,,
FORD,,
FORD,,
CHEVROLET,,
VOLVO,,
TOYOTA,,
MITSUBISHI,,
DODGE,,
FORD,,
VOLVO,,
JEEP,,
JEEP,,
FORD,,
FORD,,
DODGE,,
CHRYSLER,,
CHEVROLET,,
CHEVROLET,,
FORD,,
BMW,,
LEXUS,,
LEXUS,,
FORD,,
AUDI,,
CHEVROLET,,
CHEVROLET,,
CHEVROLET,,
CHEVROLET,,
AUDI,,
JEEP,,
TOYOTA,,
CHEVROLET,,
HYUNDAI,,
DODGE,,
BUICK,,
TOYOTA,,
CHEVROLET,,
PONTIAC,,
GMC,,
SUBARU,,
JEEP,,
LEXUS,,
FORD,,
FORD,,
CHEVROLET,,
CHEVROLET,,
CHEVROLET,,
PONTIAC,,
CHRYSLER,,
FORD,,
DODGE,,
DODGE,,
CADILLAC,,
MITSUBISHI,,
GMC,,
MAZDA,,
JEEP,,
JAGUAR,,
CHEVROLET,,
AUDI,,
CHEVROLET,,
BMW,,
CHEVROLET,,
FORD,,
FORD,,
FORD,,
FORD,,
JAGUAR,,
JEEP,,
BMW,,
FORD,,
DODGE,,
CHEVROLET,,
DODGE,,
AUDI,,
JAGUAR,,
LEXUS,,
FORD,,
FORD,,
KIA,,
NISSAN,,
NISSAN,,
HONDA,,
HONDA,,
CHEVROLET,,
CHEVROLET,,
AUDI,,
CHEVROLET,,
CHEVROLET,,
DODGE,,
FORD,,
CHEVROLET,,
DODGE,,
CHEVROLET,,
CHEVROLET,,
AUDI,,
CHEVROLET,,
JEEP,,
FORD,,
DODGE,,
CHEVROLET,,
CHEVROLET,,
FORD,,
TOYOTA,,
PONTIAC,,
VOLKSWAGEN,,
FORD,,
FORD,,
HONDA,,
MERCEDES BENZ,,
DODGE,,
SATURN,,
FORD,,
FORD,,
FORD,,
FORD,,
FORD,,
LEXUS,,
FORD,,
CHEVROLET,,
BMW,,
AUDI,,
AUDI,,
AUDI,,
CHEVROLET,,
FORD,,
FORD,,
CHEVROLET,,
DODGE,,
DODGE,,
JEEP,,
NISSAN,,
MAZDA,,
HYUNDAI,,
PONTIAC,,
ACURA,,
FORD,,
PONTIAC,,
AUDI,,
LEXUS,,
FORD,,
FORD,,
LEXUS,,
FORD,,
FORD,,
AUDI,,
DODGE,,
CHEVROLET,,
FORD,,
DODGE,,
BMW,,
FORD,,
CHEVROLET,,
JAGUAR,,
CHEVROLET,,
AUDI,,
CHRYSLER,,
TOYOTA,,
CHEVROLET,,
SATURN,,
DODGE,,
VOLVO,,
CHEVROLET,,
JEEP,,
CHEVROLET,,
CHEVROLET,,
CHEVROLET,,
CHEVROLET,,
FORD,,
FORD,,
FORD,,
CHEVROLET,,
CHEVROLET,,
LEXUS,,
DODGE,,
AUDI,,
FORD,,
AUDI,,
FORD,,
CHEVROLET,,
CHEVROLET,,
CADILLAC,,
CADILLAC,,
DODGE,,
FORD,,
HONDA,,
DODGE,,
FORD,,
ISUZU,,
LEXUS,,
CHEVROLET,,
CHEVROLET,,
CHEVROLET,,
CHEVROLET,,
CHEVROLET,,
CHEVROLET,,
JEEP,,
CHEVROLET,,
LEXUS,,
CHEVROLET,,
CHEVROLET,,
JEEP,,
DODGE,,
DODGE,,
DODGE,,
CHRYSLER,,
CHEVROLET,,
LEXUS,,
MAZDA,,
MERCURY,,
DODGE,,
FORD,,
JAGUAR,,
FORD,,
FORD,,
FORD,,
HYUNDAI,,
JAGUAR,,
CHEVROLET,,
JAGUAR,,
CHEVROLET,,
AUDI,,
FORD,,
CHEVROLET,,
CHEVROLET,,
CHEVROLET,,
FORD,,
CHEVROLET,,
CHEVROLET,,
CHEVROLET,,
JAGUAR,,
CHEVROLET,,
CHEVROLET,,
JAGUAR,,
CHEVROLET,,
CHEVROLET,,
VOLVO,,
PONTIAC,,
DAEWOO PUERTO RICO,,
CADILLAC,,
SUZUKI,,
FORD,,
TOYOTA,,
NISSAN,,
VOLKSWAGEN,,
DODGE,,
JEEP,,
FORD,,
FORD,,
FORD,,
FORD,,
FORD,,
CHEVROLET,,
CHEVROLET,,
CHEVROLET,,
AUDI,,
FORD,,
CHEVROLET,,
CHEVROLET,,
BMW,,
FORD,,
FORD,,
JEEP,,
CHEVROLET,,
HONDA,,
CHEVROLET,,
KIA,,
HONDA,,
HONDA,,
BMW,,
CHRYSLER,,
CHEVROLET,,
LEXUS,,
FORD,,
FORD,,
FORD,,
CHEVROLET,,
CHEVROLET,,
FORD,,
AUDI,,
JEEP,,
AUDI,,
CHEVROLET,,
JAGUAR,,
JEEP,,
JAGUAR,,
AUDI,,
CHEVROLET,,
AUDI,,
CHEVROLET,,
CHEVROLET,,
LEXUS,,
CHEVROLET,,
CHEVROLET,,
SATURN,,
HYUNDAI,,
TOYOTA,,
TOYOTA,,
CHEVROLET,,
HYUNDAI,,
CHEVROLET,,
CHEVROLET,,
CHEVROLET,,
CHEVROLET,,
FORD,,
DODGE,,
CHEVROLET,,
DODGE,,
DODGE,,
CHEVROLET,,
FORD,,
FORD,,
CHEVROLET,,
CHEVROLET,,
CHEVROLET,,
DODGE,,
DODGE,,
CHRYSLER,,
FORD,,
FORD,,
FORD,,
CHEVROLET,,
PONTIAC,,
GMC,,
JAGUAR,,
FORD,,
CHEVROLET,,
JAGUAR,,
DODGE,,
BMW,,
AUDI,,
CHEVROLET,,
JAGUAR,,
DODGE,,
AUDI,,
JAGUAR,,
CHEVROLET,,
CHEVROLET,,
DODGE,,
FORD,,
CHEVROLET,,
FORD,,
VOLVO,,
SUZUKI,,
GMC,,
GMC,,
SATURN,,
SUZUKI,,
INDEPENDENCE,,
FORD,,
BMW,,
FORD,,
DODGE,,
FORD,,
AUDI,,
LEXUS,,
FORD,,
FORD,,
CHEVROLET,,
CHEVROLET,,
JEEP,,
JEEP,,
JEEP,,
JEEP,,
FORD,,
AUDI,,
CHRYSLER,,
LEXUS,,
TOYOTA,,
FORD,,
MAZDA,,
MAZDA,,
VOLVO,,
SUZUKI,,
CHEVROLET,,
CHRYSLER,,
BMW,,
TOYOTA,,
HYUNDAI,,
HONDA,,
DODGE,,
FORD,,
FORD,,
FORD,,
GMC,,
CHRYSLER,,
GMC,,
CHEVROLET,,
CHEVROLET,,
CHRYSLER,,
FORD,,
CHRYSLER,,
JAGUAR,,
LEXUS,,
AUDI,,
FORD,,
CHEVROLET,,
CHRYSLER,,
BMW,,
FORD,,
CHRYSLER,,
AUDI,,
CHEVROLET,,
FORD,,
AUDI,,
DODGE,,
CHEVROLET,,
AUDI,,
GMC,,
JAGUAR,,
DODGE,,
VOLKSWAGEN,,
FORD,,
DODGE,,
DODGE,,
VOLKSWAGEN,,
MAZDA,,
JEEP,,
HONDA,,
DODGE,,
FORD,,
HYUNDAI,,
MINI,,
BMW,,
INFINITI,,
HYUNDAI,,
NISSAN,,
NISSAN,,
ACURA,,
DODGE,,
INFINITI,,
JEEP,,
DODGE,,
CHEVROLET,,
CHEVROLET,,
DODGE,,
CHEVROLET,,
CHEVROLET,,
CHEVROLET,,
JAGUAR,,
FORD,,
CHEVROLET,,
FORD,,
CHEVROLET,,
FORD,,
CHEVROLET,,
CHEVROLET,,
FORD,,
JEEP,,
FORD,,
GMC,,
CHEVROLET,,
JEEP,,
CHEVROLET,,
MERCEDES BENZ,,
VOLVO,,
FORD,,
AUDI,,
OLDSMOBILE,,
HONDA,,
ACURA,,
FORD,,
DODGE,,
LEXUS,,
CHEVROLET,,
CHEVROLET,,
HONDA,,
CHEVROLET,,
FORD,,
CHEVROLET,,
CHEVROLET,,
CHEVROLET,,
CHEVROLET,,
FORD,,
CHEVROLET,,
FORD,,
CHEVROLET,,
CHEVROLET,,
CHEVROLET,,
AUDI,,
CHEVROLET,,
JAGUAR,,
FORD,,
FORD,,
FORD,,
FORD,,
CHEVROLET,,
JEEP,,
JEEP,,
FORD,,
JEEP,,
CHEVROLET,,
CHEVROLET,,
CHEVROLET,,
JEEP,,
CHEVROLET,,
FORD,,
CHEVROLET,,
JEEP,,
AUDI,,
CHEVROLET,,
CHEVROLET,,
FORD,,
CHEVROLET,,
JEEP,,
FORD,,
CHEVROLET,,
CHEVROLET,,
FORD,,
CHEVROLET,,
JEEP,,
FORD,,
CHRYSLER,,
CHEVROLET,,
CHEVROLET,,
FORD,,
FORD,,
AUDI,,
FORD,,
DODGE,,
CHEVROLET,,
FORD,,
FORD,,
FORD,,
AUDI,,
AUDI,,
JEEP,,
CHEVROLET,,
CHEVROLET,,
JEEP,,
MITSUBISHI,,
VOLVO,,
HYUNDAI,,
FORD,,
TOYOTA,,
CHEVROLET,,
CHRYSLER,,
CHEVROLET,,
FORD,,
FORD,,
CHEVROLET,,
CHEVROLET,,
CHEVROLET,,
CHEVROLET,,
CHEVROLET,,
CHEVROLET,,
FORD,,
CHEVROLET,,
CHEVROLET,,
FORD,,
FORD,,
CHEVROLET,,
CHEVROLET,,
CHEVROLET,,
JEEP,,
CHEVROLET,,
CHEVROLET,,
CHEVROLET,,
FORD,,
CHEVROLET,,
AUDI,,
CHEVROLET,,
CHEVROLET,,
AUDI,,
LEXUS,,
FORD,,
JEEP,,
FORD,,
FORD,,
CHEVROLET,,
FORD,,
JEEP,,
CHEVROLET,,
CHEVROLET,,
CHEVROLET,,
JEEP,,
LEXUS,,
JAGUAR,,
JAGUAR,,
JEEP,,
JEEP,,
JEEP,,
JEEP,,
DODGE,,
CHEVROLET,,
CHEVROLET,,
CHEVROLET,,
BMW,,
LEXUS,,
LEXUS,,
CHEVROLET,,
BMW,,
CHEVROLET,,
CHEVROLET,,
AUDI,,
VOLVO,,
DODGE,,
ITASCA,,
DODGE,,
TOYOTA,,
FORD,,
FORD,,
VOLVO,,
FORD,,
JEEP,,
CHEVROLET,,
JEEP,,
JEEP,,
DODGE,,
CHEVROLET,,
CHEVROLET,,
CHEVROLET,,
FORD,,
CHEVROLET,,
LEXUS,,
CHEVROLET,,
FORD,,
JAGUAR,,
CHEVROLET,,
CHEVROLET,,
CHEVROLET,,
CHEVROLET,,
CHEVROLET,,
JEEP,,
JEEP,,
FORD,,
CHEVROLET,,
CHEVROLET,,
CHEVROLET,,
CHEVROLET,,
JEEP,,
BMW,,
BMW,,
CHEVROLET,,
FORD,,
FORD,,
FORD,,
CHEVROLET,,
AUDI,,
CHEVROLET,,
CHEVROLET,,
FORD,,
CHEVROLET,,
AUDI,,
AUDI,,
AUDI,,
CHEVROLET,,
BMW,,
CHEVROLET,,
CHEVROLET,,
CHEVROLET,,
DODGE,,
DODGE,,
JEEP,,
CHEVROLET,,
CHEVROLET,,
AUDI,,
CHEVROLET,,
CHEVROLET,,
BMW,,
BMW,,
DODGE,,
CHEVROLET,,
CADILLAC,,
CHEVROLET,,
HARLEY DAVIDSON,,
DODGE,,
HYUNDAI,,
GMC,,
CHEVROLET,,
MITSUBISHI,,
FORD,,
JEEP,,
CHEVROLET,,
FORD,,
FORD,,
DODGE,,
FORD,,
CHEVROLET,,
CHEVROLET,,
CHEVROLET,,
FORD,,
FORD,,
CHEVROLET,,
CHEVROLET,,
FORD,,
FORD,,
JAGUAR,,
FORD,,
CHEVROLET,,
FORD,,
CHEVROLET,,
CHEVROLET,,
CHEVROLET,,
CHEVROLET,,
JEEP,,
JEEP,,
CHEVROLET,,
FORD,,
FORD,,
CHEVROLET,,
CHEVROLET,,
JEEP,,
CHEVROLET,,
CHEVROLET,,
AUDI,,
AUDI,,
JEEP,,
AUDI,,
JAGUAR,,
FORD,,
CHEVROLET,,
CHEVROLET,,
CHEVROLET,,
CHEVROLET,,
CHEVROLET,,
LEXUS,,
DODGE,,
DODGE,,
BMW,,
AUDI,,
AUDI,,
FORD,,
DODGE,,
JAGUAR,,
CHEVROLET,,
CHEVROLET,,
CHEVROLET,,
FORD,,
FORD,,
ACURA,,
GMC,,
CHEVROLET,,
CHRYSLER,,
HONDA,,
JEEP,,
NISSAN,,
HYUNDAI,,
LEXUS,,
AUDI,,
CHEVROLET,,
FORD,,
FORD,,
FORD,,
CHEVROLET,,
JEEP,,
CHEVROLET,,
DODGE,,
CHEVROLET,,
JEEP,,
CHEVROLET,,
CHRYSLER,,
CHRYSLER,,
FORD,,
CHEVROLET,,
CHEVROLET,,
CHEVROLET,,
JEEP,,
CHEVROLET,,
CHEVROLET,,
FORD,,
AUDI,,
JEEP,,
CHEVROLET,,
CHEVROLET,,
CHEVROLET,,
FORD,,
CHEVROLET,,
JEEP,,
FORD,,
CHEVROLET,,
CHEVROLET,,
JAGUAR,,
JEEP,,
BMW,,
FORD,,
CHEVROLET,,
CHEVROLET,,
FORD,,
FORD,,
FORD,,
FORD,,
BMW,,
CHEVROLET,,
CHEVROLET,,
CHEVROLET,,
AUDI,,
FORD,,
FORD,,
AUDI,,
DODGE,,
FORD,,
CHEVROLET,,
BMW,,
DODGE,,
CHEVROLET,,
DODGE,,
FORD,,
CHEVROLET,,
VOLVO,,
JEEP,,
FORD,,
FORD,,
CHEVROLET,,
MERCURY,,
CHEVROLET,,
CHEVROLET,,
FORD,,
DODGE,,
JAGUAR,,
FORD,,
CHEVROLET,,
CHEVROLET,,
FORD,,
FORD,,
CHEVROLET,,
CHEVROLET,,
FORD,,
CHEVROLET,,
JEEP,,
AUDI,,
CHEVROLET,,
CHEVROLET,,
BMW,,
CHEVROLET,,
AUDI,,
NISSAN,,
SATURN,,
HYUNDAI,,
CHRYSLER,,
DODGE,,
CHRYSLER,,
CHEVROLET,,
CHEVROLET,,
TOYOTA,,
JAGUAR,,
AUDI,,
CHRYSLER,,
CHEVROLET,,
FORD,,
FORD,,
CHEVROLET,,
CHEVROLET,,
CHEVROLET,,
CHEVROLET,,
CHEVROLET,,
FORD,,
BMW,,
BMW,,
AUDI,,
JEEP,,
JEEP,,
FORD,,
CHEVROLET,,
FORD,,
CHEVROLET,,
CHRYSLER,,
DODGE,,
CHEVROLET,,
JEEP,,
HONDA,,
MERCURY,,
FORD,,
CHEVROLET,,
JEEP,,
CHEVROLET,,
FORD,,
AUDI,,
JEEP,,
CHEVROLET,,
CHEVROLET,,
CHEVROLET,,
CHEVROLET,,
JEEP,,
CHEVROLET,,
CHEVROLET,,
CHEVROLET,,
CHEVROLET,,
FORD,,
CHEVROLET,,
LEXUS,,
CHEVROLET,,
FORD,,
SUBARU,,
FORD,,
CHRYSLER,,
TOYOTA,,
YAMAHA,,
HONDA,,
CHEVROLET,,
MITSUBISHI,,
CHEVROLET,,
BMW,,
CHEVROLET,,
FORD,,
FORD,,
CHEVROLET,,
CHEVROLET,,
CHEVROLET,,
CHEVROLET,,
JEEP,,
AUDI,,
CHEVROLET,,
AUDI,,
FORD,,
AUDI,,
KIA,,
FORD,,
FORD,,
OLDSMOBILE,,
TOYOTA,,
JEEP,,
CHEVROLET,,
NISSAN,,
CHEVROLET,,
FORD,,
CHEVROLET,,
FORD,,
FORD,,
CHEVROLET,,
CHEVROLET,,
CHEVROLET,,
CHEVROLET,,
CHEVROLET,,
CHEVROLET,,
AUDI,,
CHEVROLET,,
CHEVROLET,,
CHEVROLET,,
BMW,,
JEEP,,
FORD,,
DODGE,,
FORD,,
FORD,,
CHRYSLER,,
CHEVROLET,,
FORD,,
TOYOTA,,
VOLKSWAGEN,,
TOYOTA,,
AUDI,,
TOYOTA,,
FORD,,
FORD,,
SUBARU,,
JEEP,,
DODGE,,
BUICK,,
GMC,,
JEEP,,
TOYOTA,,
CHRYSLER,,
FORD,,
HONDA,,
YAMAHA,,
FORD,,
CHEVROLET,,
JEEP,,
FORD,,
JEEP,,
FORD,,
FORD,,
CHEVROLET,,
CHEVROLET,,
FORD,,
CHEVROLET,,
CHEVROLET,,
CHEVROLET,,
JEEP,,
AUDI,,
CHEVROLET,,
CHEVROLET,,
AUDI,,
JEEP,,
CHEVROLET,,
JEEP,,
SATURN,,
FORD,,
DODGE,,
CHEVROLET,,
VOLVO,,
HYUNDAI,,
FORD,,
TOYOTA,,
PONTIAC,,
DODGE,,
CHRYSLER,,
INFINITI,,
ACURA,,
VOLVO,,
OLDSMOBILE,,
FORD,,
TOYOTA,,
CHEVROLET,,
DODGE,,
TOYOTA,,
CHEVROLET,,
CHEVROLET,,
FORD,,
CHEVROLET,,
FORD,,
FORD,,
CHEVROLET,,
FORD,,
FORD,,
CHEVROLET,,
CHEVROLET,,
CHEVROLET,,
JEEP,,
CHEVROLET,,
CHEVROLET,,
JEEP,,
CHEVROLET,,
FORD,,
CHEVROLET,,
CHEVROLET,,
CHEVROLET,,
CHEVROLET,,
FORD,,
NISSAN,,
CHEVROLET,,
FORD,,
CHEVROLET,,
CHEVROLET,,
LEXUS,,
DODGE,,
CHEVROLET,,
CHEVROLET,,
FORD,,
CHEVROLET,,
AUDI,,
FORD,,
DODGE,,
JEEP,,
JEEP,,
OLDSMOBILE,,
GMC,,
VOLKSWAGEN,,
GMC,,
CHEVROLET,,
HYUNDAI,,
ACURA,,
GMC,,
MAZDA,,
SUBARU,,
INFINITI,,
TOYOTA,,
NISSAN,,
BUICK,,
NISSAN,,
CHEVROLET,,
AUDI,,
CHEVROLET,,
CHEVROLET,,
CHEVROLET,,
CHEVROLET,,
FORD,,
CHEVROLET,,
JEEP,,
JEEP,,
CHEVROLET,,
AUDI,,
CHEVROLET,,
CHEVROLET,,
CHEVROLET,,
AUDI,,
JEEP,,
CHEVROLET,,
FORD,,
FORD,,
JEEP,,
LEXUS,,
FORD,,
DODGE,,
CHEVROLET,,
AUDI,,
JEEP,,
JAGUAR,,
FORD,,
FORD,,
DODGE,,
LEXUS,,
LEXUS,,
LEXUS,,
JAGUAR,,
JAGUAR,,
DODGE,,
DODGE,,
DODGE,,
CHRYSLER,,
TOYOTA,,
JEEP,,
JEEP,,
VOLVO,,
CHEVROLET,,
BUICK,,
JEEP,,
CHEVROLET,,
CADILLAC,,
NISSAN,,
LEXUS,,
GMC,,
CHEVROLET,,
KIA,,
MERCURY,,
CHEVROLET,,
JEEP,,
CHEVROLET,,
FORD,,
FORD,,
CHEVROLET,,
FORD,,
JEEP,,
CHEVROLET,,
CHEVROLET,,
FORD,,
FORD,,
CHEVROLET,,
CHEVROLET,,
JEEP,,
FORD,,
CHEVROLET,,
CHEVROLET,,
FORD,,
FORD,,
FORD,,
AUDI,,
FORD,,
AUDI,,
DODGE,,
FORD,,
CHEVROLET,,
CHEVROLET,,
CHEVROLET,,
FORD,,
CHEVROLET,,
CHEVROLET,,
DODGE,,
JAGUAR,,
CHEVROLET,,
FORD,,
FORD,,
LEXUS,,
CHEVROLET,,
NISSAN,,
CHRYSLER,,
TOYOTA,,
TOYOTA,,
HONDA,,
SAFARI,,
DODGE,,
GMC,,
CADILLAC,,
GMC,,
PONTIAC,,
DODGE,,
DODGE,,
TOYOTA,,
CHEVROLET,,
CHEVROLET,,
DODGE,,
CHEVROLET,,
FORD,,
FORD,,
JEEP,,
JEEP,,
CHEVROLET,,
CHEVROLET,,
CHEVROLET,,
JEEP,,
FORD,,
CHRYSLER,,
CHEVROLET,,
CHEVROLET,,
FORD,,
FORD,,
FORD,,
JEEP,,
CHEVROLET,,
CHEVROLET,,
CHEVROLET,,
DODGE,,
AUDI,,
FORD,,
FORD,,
JEEP,,
JEEP,,
BMW,,
AUDI,,
AUDI,,
AUDI,,
CHEVROLET,,
CHEVROLET,,
FORD,,
JEEP,,
CHEVROLET,,
CHEVROLET,,
CHEVROLET,,
CHEVROLET,,
JEEP,,
HONDA,,
CHEVROLET,,
KIA,,
ACURA,,
TOYOTA,,
BMW,,
NISSAN,,
DODGE,,
VOLVO,,
KIA,,
HONDA,,
FORD,,
CHEVROLET,,
JAGUAR,,
LAND ROVER,,
FORD,,
CHEVROLET,,
CHEVROLET,,
AUDI,,
JEEP,,
CHEVROLET,,
CHEVROLET,,
CHEVROLET,,
FORD,,
FORD,,
CHEVROLET,,
CHEVROLET,,
CHEVROLET,,
CHEVROLET,,
CHEVROLET,,
CHEVROLET,,
CHEVROLET,,
CHEVROLET,,
CHEVROLET,,
JEEP,,
FORD,,
CHEVROLET,,
CHEVROLET,,
FORD,,
FORD,,
BMW,,
BMW,,
JEEP,,
CHEVROLET,,
CHEVROLET,,
FORD,,
AUDI,,
CHEVROLET,,
CHEVROLET,,
CHEVROLET,,
AUDI,,
CHEVROLET,,
CHEVROLET,,
JEEP,,
FORD,,
MINI,,
DODGE,,
FORD,,
FORD,,
CHRYSLER,,
OLDSMOBILE,,
SATURN,,
VOLVO,,
CHRYSLER,,
JEEP,,
HYUNDAI,,
SATURN,,
BMW,,
MITSUBISHI,,
FORD,,
CHRYSLER,,
CHEVROLET,,
CHRYSLER,,
CHEVROLET,,
CHEVROLET,,
CHEVROLET,,
CHEVROLET,,
JEEP,,
FORD,,
FORD,,
CHEVROLET,,
FORD,,
CHEVROLET,,
FORD,,
FORD,,
JEEP,,
CHEVROLET,,
CHEVROLET,,
FORD,,
FORD,,
CHEVROLET,,
JEEP,,
CHEVROLET,,
CHEVROLET,,
FORD,,
AUDI,,
LEXUS,,
CHEVROLET,,
AUDI,,
FORD,,
CHEVROLET,,
FORD,,
AUDI,,
CHRYSLER,,
CHEVROLET,,
AUDI,,
FORD,,
FORD,,
FORD,,
CHEVROLET,,
AUDI,,
LEXUS,,
JEEP,,
LEXUS,,
MAZDA,,
DODGE,,
FORD,,
GMC,,
CHEVROLET,,
MAZDA,,
FORD,,
DODGE,,
TOYOTA,,
BUICK,,
FORD,,
CHEVROLET,,
FORD,,
CHEVROLET,,
JEEP,,
FORD,,
CHEVROLET,,
JEEP,,
CHEVROLET,,
FORD,,
CHEVROLET,,
FORD,,
CHEVROLET,,
CHEVROLET,,
AUDI,,
CHEVROLET,,
CHEVROLET,,
FORD,,
DODGE,,
JEEP,,
CHEVROLET,,
AUDI,,
FORD,,
CHEVROLET,,
FORD,,
CHEVROLET,,
FORD,,
FORD,,
AUDI,,
CHEVROLET,,
AUDI,,
JEEP,,
JEEP,,
CHEVROLET,,
JEEP,,
JEEP,,
JEEP,,
AUDI,,
CHRYSLER,,
FORD,,
CHEVROLET,,
JAGUAR,,
FORD,,
CHRYSLER,,
CHRYSLER,,
VOLKSWAGEN,,
VOLKSWAGEN,,
DODGE,,
VOLKSWAGEN,,
NISSAN,,
MERCEDES BENZ,,
JEEP,,
HONDA,,
FORD,,
VOLKSWAGEN,,
DODGE,,
CHEVROLET,,
LAND ROVER,,
TOYOTA,,
VOLVO,,
JAGUAR,,
DODGE,,
CHEVROLET,,
FORD,,
FORD,,
CHEVROLET,,
CHEVROLET,,
CHEVROLET,,
JEEP,,
CHEVROLET,,
JEEP,,
CHEVROLET,,
CHEVROLET,,
FORD,,
FORD,,
FORD,,
CHEVROLET,,
FORD,,
JAGUAR,,
BMW,,
JEEP,,
JEEP,,
JEEP,,
CHEVROLET,,
CHRYSLER,,
FORD,,
CHEVROLET,,
JEEP,,
DODGE,,
CHEVROLET,,
CHEVROLET,,
CHEVROLET,,
JEEP,,
CHEVROLET,,
CHEVROLET,,
CHEVROLET,,
FORD,,
CHEVROLET,,
CHEVROLET,,
CHEVROLET,,
BUICK,,
CHEVROLET,,
FORD,,
CHEVROLET,,
GMC,,
FORD,,
TOYOTA,,
TOYOTA,,
ACURA,,
FORD,,
FORD,,
TOYOTA,,
CHEVROLET,,
NISSAN,,
JEEP,,
FORD,,
CHEVROLET,,
FORD,,
CHEVROLET,,
CHEVROLET,,
JEEP,,
CHEVROLET,,
CHEVROLET,,
CHEVROLET,,
CHEVROLET,,
AUDI,,
FORD,,
FORD,,
FORD,,
CHEVROLET,,
CHEVROLET,,
BMW,,
CHEVROLET,,
FORD,,
CHEVROLET,,
CADILLAC,,
BMW,,
JEEP,,
JEEP,,
FORD,,
CHEVROLET,,
FORD,,
JEEP,,
CHRYSLER,,
JEEP,,
CHEVROLET,,
CHEVROLET,,
CHEVROLET,,
CHEVROLET,,
AUDI,,
DODGE,,
CHEVROLET,,
CHEVROLET,,
FORD,,
FORD,,
HONDA,,
HONDA,,
SUBARU,,
CHRYSLER,,
GMC,,
CHRYSLER,,
CHRYSLER,,
FORD,,
TOYOTA,,
JEEP,,
FORD,,
AUDI,,
AUDI,,
AUDI,,
CHEVROLET,,
CHEVROLET,,
CHEVROLET,,
AUDI,,
JEEP,,
CADILLAC,,
CHEVROLET,,
CHEVROLET,,
CHEVROLET,,
CHEVROLET,,
JEEP,,
DODGE,,
FORD,,
JEEP,,
FORD,,
CHEVROLET,,
CHEVROLET,,
CHEVROLET,,
FORD,,
CHEVROLET,,
CHEVROLET,,
CHEVROLET,,
JEEP,,
CHEVROLET,,
CADILLAC,,
JEEP,,
CHEVROLET,,
CHEVROLET,,
JEEP,,
JEEP,,
CHEVROLET,,
FORD,,
CHEVROLET,,
FORD,,
HYUNDAI,,
FORD,,
TOYOTA,,
TOYOTA,,
SATURN,,
CHEVROLET,,
TOYOTA,,
DODGE,,
HONDA,,
TOYOTA,,
FORD,,
MITSUBISHI,,
NISSAN,,
CHEVROLET,,
ITASCA,,
DODGE,,
FORD,,
FORD,,
CHEVROLET,,
AUDI,,
CHEVROLET,,
CHEVROLET,,
CHEVROLET,,
FORD,,
FORD,,
JEEP,,
CHEVROLET,,
CHEVROLET,,
CHEVROLET,,
CHEVROLET,,
CHRYSLER,,
FORD,,
JEEP,,
JEEP,,
CHEVROLET,,
CHEVROLET,,
JEEP,,
DODGE,,
CHEVROLET,,
CHEVROLET,,
FORD,,
FORD,,
CHEVROLET,,
CHEVROLET,,
FORD,,
CHEVROLET,,
FORD,,
JEEP,,
CHEVROLET,,
FORD,,
FORD,,
CHEVROLET,,
CHEVROLET,,
CHEVROLET,,
FORD,,
DODGE,,
DODGE,,
CHEVROLET,,
FORD,,
FORD,,
FORD,,
TOYOTA,,
VOLKSWAGEN,,
VOLVO,,
FORD,,
NISSAN,,
TOYOTA,,
JEEP,,
HONDA,,
CHRYSLER,,
FORD,,
FORD,,
FORD,,
JEEP,,
FORD,,
JEEP,,
CHEVROLET,,
JEEP,,
CHEVROLET,,
CHEVROLET,,
JEEP,,
CHEVROLET,,
JEEP,,
CHEVROLET,,
DODGE,,
CHEVROLET,,
FORD,,
CHEVROLET,,
JEEP,,
FORD,,
LEXUS,,
CHEVROLET,,
JAGUAR,,
CHEVROLET,,
CHEVROLET,,
CHEVROLET,,
FORD,,
AUDI,,
FORD,,
CHEVROLET,,
FORD,,
CHEVROLET,,
JEEP,,
CHEVROLET,,
FORD,,
FORD,,
JEEP,,
CHEVROLET,,
AUDI,,
JAGUAR,,
JAGUAR,,
JEEP,,
KIA,,
ACURA,,
ISUZU,,
CHEVROLET,,
GMC,,
DODGE,,
VOLVO,,
JEEP,,
TOYOTA,,
CHEVROLET,,
CHRYSLER,,
TOYOTA,,
DODGE,,
GMC,,
LEXUS,,
CHEVROLET,,
CHEVROLET,,
FORD,,
LEXUS,,
CHEVROLET,,
JAGUAR,,
FORD,,
CHEVROLET,,
JEEP,,
DODGE,,
CHEVROLET,,
CHRYSLER,,
CHEVROLET,,
FORD,,
FORD,,
CHEVROLET,,
CHEVROLET,,
FORD,,
CHEVROLET,,
FORD,,
AUDI,,
AUDI,,
CHEVROLET,,
FORD,,
FORD,,
CHEVROLET,,
FORD,,
AUDI,,
FORD,,
CHEVROLET,,
FORD,,
AUDI,,
AUDI,,
JEEP,,
JEEP,,
CHEVROLET,,
CHEVROLET,,
FORD,,
CHEVROLET,,
CHEVROLET,,
FORD,,
FORD,,
KIA,,
GMC,,
MITSUBISHI,,
VOLKSWAGEN,,
FORD,,
CHEVROLET,,
FORD,,
GMC,,
FORD,,
ACURA,,
FORD,,
DODGE,,
JEEP,,
BMW,,
CHEVROLET,,
CHEVROLET,,
AUDI,,
CHEVROLET,,
FORD,,
FORD,,
FORD,,
JEEP,,
CHEVROLET,,
CHEVROLET,,
FORD,,
CHEVROLET,,
FORD,,
CHEVROLET,,
AUDI,,
JAGUAR,,
CHEVROLET,,
FORD,,
CHEVROLET,,
JEEP,,
BMW,,
CHEVROLET,,
FORD,,
LEXUS,,
DODGE,,
DODGE,,
CHEVROLET,,
CHEVROLET,,
FORD,,
CHEVROLET,,
FORD,,
CHEVROLET,,
FORD,,
CHEVROLET,,
FORD,,
CHEVROLET,,
FORD,,
FORD,,
TOYOTA,,
SUBARU,,
ACURA,,
MERCEDES BENZ,,
NISSAN,,
CHRYSLER,,
ACURA,,
CHRYSLER,,
TOYOTA,,
CHEVROLET,,
CHEVROLET,,
VOLVO,,
NISSAN,,
LAND ROVER,,
HONDA,,
CHEVROLET,,
FORD,,
LEXUS,,
FORD,,
CHEVROLET,,
JAGUAR,,
CHEVROLET,,
FORD,,
CHEVROLET,,
DODGE,,
CHEVROLET,,
BMW,,
FORD,,
CHEVROLET,,
FORD,,
FORD,,
JEEP,,
CHEVROLET,,
CHEVROLET,,
FORD,,
FORD,,
JEEP,,
FORD,,
CHEVROLET,,
JEEP,,
CHEVROLET,,
FORD,,
CHEVROLET,,
CHEVROLET,,
DODGE,,
FORD,,
CHEVROLET,,
CHEVROLET,,
CHEVROLET,,
CHEVROLET,,
CHEVROLET,,
CHEVROLET,,
CHEVROLET,,
JEEP,,
CHEVROLET,,
JEEP,,
CHEVROLET,,
FORD,,
JEEP,,
FORD,,
CHEVROLET,,
FORD,,
MERCEDES BENZ,,
FORD,,
LINCOLN,,
CHEVROLET,,
TOYOTA,,
CHRYSLER,,
NISSAN,,
CHRYSLER,,
CHEVROLET,,
HONDA,,
FORD,,
JEEP,,
NISSAN,,
CHEVROLET,,
CHEVROLET,,
CHEVROLET,,
CHEVROLET,,
JEEP,,
JEEP,,
JEEP,,
FORD,,
CHEVROLET,,
CHEVROLET,,
CHEVROLET,,
JEEP,,
DODGE,,
CHEVROLET,,
FORD,,
CHEVROLET,,
CHEVROLET,,
FORD,,
FORD,,
FORD,,
CHEVROLET,,
FORD,,
CHEVROLET,,
CHEVROLET,,
FORD,,
CHEVROLET,,
CHEVROLET,,
FORD,,
JEEP,,
JEEP,,
CHEVROLET,,
FORD,,
FORD,,
CHEVROLET,,
CHEVROLET,,
CHEVROLET,,
CHEVROLET,,
CHEVROLET,,
CHEVROLET,,
LEXUS,,
BUICK,,
LEXUS,,
LEXUS,,
HONDA,,
HONDA,,
GMC,,
TOYOTA,,
CHRYSLER,,
JEEP,,
KIA,,
VOLVO,,
HONDA,,
MERCURY,,
FORD,,
JEEP,,
AUDI,,
JEEP,,
CHEVROLET,,
FORD,,
FORD,,
CHEVROLET,,
CHEVROLET,,
CHEVROLET,,
CHEVROLET,,
FORD,,
CHEVROLET,,
FORD,,
CHEVROLET,,
CHEVROLET,,
AUDI,,
JEEP,,
JEEP,,
CHEVROLET,,
JEEP,,
CHEVROLET,,
FORD,,
FORD,,
CHEVROLET,,
FORD,,
FORD,,
FORD,,
AUDI,,
DODGE,,
CHEVROLET,,
CHEVROLET,,
CHEVROLET,,
FORD,,
FORD,,
JAGUAR,,
CHEVROLET,,
FORD,,
FORD,,
BMW,,
CHEVROLET,,
MERCEDES BENZ,,
CHEVROLET,,
MAZDA,,
DODGE,,
JEEP,,
JEEP,,
LEXUS,,
LINCOLN,,
YAMAHA,,
FORD,,
JEEP,,
DODGE,,
CHEVROLET,,
CHRYSLER,,
DODGE,,
HONDA,,
FORD,,
CHEVROLET,,
CHEVROLET,,
AUDI,,
AUDI,,
JEEP,,
CHEVROLET,,
AUDI,,
JEEP,,
FORD,,
CHEVROLET,,
CHEVROLET,,
CHEVROLET,,
CHEVROLET,,
CHEVROLET,,
CHRYSLER,,
JEEP,,
CHEVROLET,,
CHEVROLET,,
FORD,,
FORD,,
CHEVROLET,,
FORD,,
FORD,,
FORD,,
CHEVROLET,,
JAGUAR,,
JEEP,,
FORD,,
LEXUS,,
FORD,,
CHEVROLET,,
FORD,,
CHEVROLET,,
JEEP,,
JAGUAR,,
AUDI,,
FORD,,
JEEP,,
FORD,,
SUBARU,,
VOLKSWAGEN,,
CHEVROLET,,
TOYOTA,,
MAZDA,,
VOLKSWAGEN,,
SATURN,,
CHEVROLET,,
HONDA,,
DODGE,,
MERCEDES BENZ,,
CHEVROLET,,
CHEVROLET,,
JEEP,,
CHEVROLET,,
CHEVROLET,,
JEEP,,
JEEP,,
CHEVROLET,,
JEEP,,
CHEVROLET,,
CHEVROLET,,
FORD,,
FORD,,
CHEVROLET,,
CHEVROLET,,
FORD,,
CHEVROLET,,
DODGE,,
CHEVROLET,,
CHEVROLET,,
JEEP,,
FORD,,
JEEP,,
CHEVROLET,,
FORD,,
CHEVROLET,,
CHEVROLET,,
JEEP,,
FORD,,
FORD,,
CHEVROLET,,
CHEVROLET,,
CHEVROLET,,
CHEVROLET,,
CHEVROLET,,
CHEVROLET,,
FORD,,
CHEVROLET,,
CHEVROLET,,
JEEP,,
CHEVROLET,,
AUDI,,
CHEVROLET,,
CHEVROLET,,
CHEVROLET,,
FORD,,
CHEVROLET,,
FORD,,
CHEVROLET,,
CHEVROLET,,
CHEVROLET,,
FORD,,
CHEVROLET,,
FORD,,
JEEP,,
FORD,,
JEEP,,
HONDA,,
ACURA,,
CHEVROLET,,
TOYOTA,,
VOLVO,,
FORD,,
ACURA,,
DODGE,,
CHEVROLET,,
CHEVROLET,,
FORD,,
DODGE,,
CHEVROLET,,
DODGE,,
AUDI,,
FORD,,
CHEVROLET,,
CHEVROLET,,
CHEVROLET,,
CHEVROLET,,
JEEP,,
DODGE,,
JEEP,,
CHEVROLET,,
CHEVROLET,,
BMW,,
CHEVROLET,,
CHEVROLET,,
FORD,,
FORD,,
CHEVROLET,,
FORD,,
CHEVROLET,,
BMW,,
CHEVROLET,,
AUDI,,
FORD,,
CHEVROLET,,
FORD,,
CHEVROLET,,
FORD,,
JEEP,,
CHEVROLET,,
CHEVROLET,,
CHEVROLET,,
CHEVROLET,,
DODGE,,
CHEVROLET,,
AUDI,,
JEEP,,
JEEP,,
CHEVROLET,,
AUDI,,
JEEP,,
FORD,,
CHEVROLET,,
CHEVROLET,,
JAGUAR,,
FORD,,
FORD,,
CHEVROLET,,
JAGUAR,,
JEEP,,
FORD,,
FORD,,
CHEVROLET,,
JEEP,,
CHEVROLET,,
VOLVO,,
FORD,,
TOYOTA,,
FORD,,
CHRYSLER,,
CHEVROLET,,
AUDI,,
CHEVROLET,,
CHEVROLET,,
CHEVROLET,,
FORD,,
JAGUAR,,
CHEVROLET,,
CHEVROLET,,
FORD,,
FORD,,
CHEVROLET,,
CHEVROLET,,
DODGE,,
CHEVROLET,,
CHEVROLET,,
FORD,,
CHEVROLET,,
JEEP,,
JEEP,,
JEEP,,
CHRYSLER,,
CHRYSLER,,
FORD,,
FORD,,
FORD,,
FORD,,
JEEP,,
CHEVROLET,,
DODGE,,
FORD,,
FORD,,
JEEP,,
CHEVROLET,,
AUDI,,
JEEP,,
JEEP,,
CHEVROLET,,
FORD,,
CHEVROLET,,
FORD,,
JEEP,,
FORD,,
AUDI,,
FORD,,
HYUNDAI,,
AMERICAN IRONHORSE,,
FORD,,
CHEVROLET,,
JEEP,,
HONDA,,
DODGE,,
OLDSMOBILE,,
KIA,,
PONTIAC,,
HOLIDAY RAMBLER,,
JEEP,,
TOYOTA,,
FORD,,
CHEVROLET,,
CHEVROLET,,
CHEVROLET,,
CHEVROLET,,
FORD,,
CHEVROLET,,
JAGUAR,,
CHEVROLET,,
CHEVROLET,,
FORD,,
CHEVROLET,,
FORD,,
JEEP,,
FORD,,
FORD,,
CHEVROLET,,
JEEP,,
JEEP,,
JEEP,,
CHEVROLET,,
CHEVROLET,,
DODGE,,
CHEVROLET,,
FORD,,
FORD,,
CHEVROLET,,
CHEVROLET,,
CHEVROLET,,
FORD,,
CHEVROLET,,
CHEVROLET,,
FORD,,
FORD,,
CHEVROLET,,
AUDI,,
CHEVROLET,,
CHEVROLET,,
CHEVROLET,,
CHEVROLET,,
GMC,,
CHEVROLET,,
DODGE,,
FORD,,
JAGUAR,,
FLEETWOOD,,
HONDA,,
DODGE,,
CHEVROLET,,
JEEP,,
BMW,,
FORD,,
FORD,,
JEEP,,
CHEVROLET,,
CHEVROLET,,
CHEVROLET,,
CHEVROLET,,
FORD,,
CHEVROLET,,
CHEVROLET,,
CHEVROLET,,
CHEVROLET,,
CHEVROLET,,
FORD,,
FORD,,
JEEP,,
AUDI,,
CHEVROLET,,
JEEP,,
FORD,,
CHRYSLER,,
CHEVROLET,,
JEEP,,
JEEP,,
JEEP,,
FORD,,
CHEVROLET,,
JEEP,,
CHEVROLET,,
FORD,,
FORD,,
FORD,,
CHEVROLET,,
CHEVROLET,,
FORD,,
LEXUS,,
LEXUS,,
FORD,,
FORD,,
CHEVROLET,,
JAGUAR,,
MERCURY,,
JEEP,,
HYUNDAI,,
HONDA,,
LEXUS,,
KIA,,
BUICK,,
CHEVROLET,,
FORD,,
CHEVROLET,,
CHEVROLET,,
BMW,,
FORD,,
JEEP,,
FORD,,
CHEVROLET,,
AUDI,,
CHEVROLET,,
CHEVROLET,,
CHEVROLET,,
CHEVROLET,,
CHEVROLET,,
CADILLAC,,
FORD,,
CHEVROLET,,
CHEVROLET,,
JEEP,,
CHEVROLET,,
FORD,,
JEEP,,
DODGE,,
CHEVROLET,,
FORD,,
CHEVROLET,,
CHEVROLET,,
FORD,,
CHEVROLET,,
CHEVROLET,,
DODGE,,
CHEVROLET,,
JEEP,,
FORD,,
CHEVROLET,,
JAGUAR,,
CHRYSLER,,
CHEVROLET,,
AUDI,,
NISSAN,,
FORD,,
CHEVROLET,,
CHEVROLET,,
PONTIAC,,
ACURA,,
FORD,,
CHEVROLET,,
HONDA,,
MERCURY,,
MERCEDES BENZ,,
MITSUBISHI,,
VICTORY,,
TOYOTA,,
CHEVROLET,,
JEEP,,
CHEVROLET,,
CHEVROLET,,
CHEVROLET,,
CHEVROLET,,
CHEVROLET,,
FORD,,
JAGUAR,,
JEEP,,
FORD,,
CHEVROLET,,
CHEVROLET,,
CHEVROLET,,
FORD,,
BMW,,
FORD,,
CHEVROLET,,
CHEVROLET,,
FORD,,
FORD,,
CHEVROLET,,
CHEVROLET,,
JEEP,,
FORD,,
FORD,,
FORD,,
CHEVROLET,,
CHEVROLET,,
CHEVROLET,,
CHEVROLET,,
JEEP,,
JEEP,,
FORD,,
DODGE,,
FORD,,
FORD,,
JEEP,,
CHEVROLET,,
DODGE,,
AUDI,,
ACURA,,
GMC,,
GMC,,
SUZUKI,,
PONTIAC,,
NATIONAL RV,,
CHEVROLET,,
HYUNDAI,,
BMW,,
JEEP,,
CHEVROLET,,
VOLKSWAGEN,,
GMC,,
FORD,,
ASTON MARTIN,,
CHEVROLET,,
FORD,,
FORD,,
CHEVROLET,,
FORD,,
JEEP,,
JEEP,,
CHEVROLET,,
CHEVROLET,,
CHEVROLET,,
CHEVROLET,,
JAGUAR,,
JEEP,,
FORD,,
JEEP,,
CHEVROLET,,
CHEVROLET,,
DODGE,,
CHEVROLET,,
CHEVROLET,,
JEEP,,
CHEVROLET,,
JEEP,,
DODGE,,
DODGE,,
FORD,,
FORD,,
CHEVROLET,,
CHEVROLET,,
CHEVROLET,,
FORD,,
FORD,,
CHEVROLET,,
CADILLAC,,
CHEVROLET,,
CHEVROLET,,
DODGE,,
DODGE,,
CHEVROLET,,
JEEP,,
HONDA,,
TOYOTA,,
BIG DOG,,
HYUNDAI,,
SUBARU,,
DODGE,,
FORD,,
HONDA,,
FORD,,
VOLKSWAGEN,,
MERCEDES BENZ,,
VOLVO,,
HONDA,,
FORD,,
SUZUKI,,
CHRYSLER,,
CHEVROLET,,
FORD,,
CHEVROLET,,
CHEVROLET,,
FORD,,
JEEP,,
FORD,,
AUDI,,
CHEVROLET,,
JEEP,,
FORD,,
CHRYSLER,,
JEEP,,
CHEVROLET,,
CHEVROLET,,
JEEP,,
JEEP,,
CHEVROLET,,
CHEVROLET,,
CHEVROLET,,
FORD,,
FORD,,
CHEVROLET,,
CHEVROLET,,
CHEVROLET,,
FORD,,
FORD,,
CHEVROLET,,
CHEVROLET,,
JEEP,,
JEEP,,
CHEVROLET,,
FORD,,
CHEVROLET,,
FORD,,
CHEVROLET,,
FORD,,
CHEVROLET,,
CHEVROLET,,
DODGE,,
JEEP,,
MERCURY,,
LINCOLN,,
HONDA,,
JEEP,,
NISSAN,,
CHEVROLET,,
VOLKSWAGEN,,
HYUNDAI,,
DODGE,,
TOYOTA,,
CHEVROLET,,
MITSUBISHI,,
CHEVROLET,,
CHEVROLET,,
OLDSMOBILE,,
AUDI,,
HONDA,,
DODGE,,
FORD,,
DODGE,,
AUDI,,
CHEVROLET,,
CHEVROLET,,
LEXUS,,
FORD,,
FORD,,
AUDI,,
AUDI,,
CHRYSLER,,
CHEVROLET,,
CHEVROLET,,
JEEP,,
JEEP,,
JEEP,,
FORD,,
CHEVROLET,,
CHEVROLET,,
CHEVROLET,,
JAGUAR,,
FORD,,
FORD,,
CHEVROLET,,
CHEVROLET,,
FORD,,
AUDI,,
CHEVROLET,,
CHEVROLET,,
CADILLAC,,
CADILLAC,,
FORD,,
CHRYSLER,,
CHEVROLET,,
CHEVROLET,,
FORD,,
CHEVROLET,,
CHEVROLET,,
VOLKSWAGEN,,
HONDA,,
JAGUAR,,
GMC,,
DODGE,,
VOLVO,,
CHEVROLET,,
TOYOTA,,
FORD,,
SATURN,,
MITSUBISHI,,
TOYOTA,,
HONDA,,
JEEP,,
JEEP,,
FORD,,
CHEVROLET,,
CHEVROLET,,
AUDI,,
AUDI,,
CHEVROLET,,
JEEP,,
CHEVROLET,,
CHEVROLET,,
FORD,,
CHEVROLET,,
CADILLAC,,
FORD,,
CHEVROLET,,
CHEVROLET,,
JEEP,,
JEEP,,
CADILLAC,,
FORD,,
FORD,,
CHEVROLET,,
DODGE,,
DODGE,,
CHEVROLET,,
FORD,,
JEEP,,
JEEP,,
CHEVROLET,,
CHEVROLET,,
CHEVROLET,,
CHEVROLET,,
FORD,,
CHEVROLET,,
CHEVROLET,,
FORD,,
DODGE,,
CHEVROLET,,
CHEVROLET,,
FORD,,
BMW,,
JAGUAR,,
DODGE,,
CHEVROLET,,
CHEVROLET,,
KIA,,
JEEP,,
FORD,,
FORD,,
NISSAN,,
VOLKSWAGEN,,
CHEVROLET,,
KIA,,
HYUNDAI,,
TOYOTA,,
TOYOTA,,
CADILLAC,,
CHEVROLET,,
CHEVROLET,,
CHEVROLET,,
FORD,,
JEEP,,
CHEVROLET,,
FORD,,
FORD,,
JEEP,,
CHEVROLET,,
FORD,,
CHEVROLET,,
JEEP,,
AUDI,,
JEEP,,
JEEP,,
JEEP,,
AUDI,,
CHEVROLET,,
CHEVROLET,,
JEEP,,
DODGE,,
FORD,,
CHEVROLET,,
JEEP,,
CHEVROLET,,
DODGE,,
CHEVROLET,,
CHEVROLET,,
FORD,,
FORD,,
CHEVROLET,,
CHEVROLET,,
BMW,,
AUDI,,
CHEVROLET,,
FORD,,
FORD,,
CHEVROLET,,
CHEVROLET,,
SUZUKI,,
PLYMOUTH,,
DODGE,,
CHEVROLET,,
LEXUS,,
TOYOTA,,
ACURA,,
DODGE,,
ISUZU,,
FORD,,
FORD,,
DAEWOO,,
JEEP,,
FORD,,
CADILLAC,,
FORD,,
CHEVROLET,,
CHEVROLET,,
FORD,,
BMW,,
JEEP,,
JEEP,,
CHEVROLET,,
CHEVROLET,,
JAGUAR,,
LEXUS,,
CADILLAC,,
FORD,,
CHEVROLET,,
FORD,,
FORD,,
CHEVROLET,,
CHEVROLET,,
JEEP,,
CHEVROLET,,
CHEVROLET,,
FORD,,
CHEVROLET,,
JEEP,,
CHEVROLET,,
FORD,,
DODGE,,
DODGE,,
LEXUS,,
FORD,,
CHEVROLET,,
CHEVROLET,,
FORD,,
FORD,,
JEEP,,
AUDI,,
FORD,,
FORD,,
JEEP,,
CHEVROLET,,
CHEVROLET,,
CHEVROLET,,
VOLVO,,
SUZUKI,,
CHEVROLET,,
CHEVROLET,,
CHEVROLET,,
TOYOTA,,
FORD,,
HONDA,,
FORD,,
PONTIAC,,
VOLKSWAGEN,,
MAZDA,,
GMC,,
HONDA,,
CHEVROLET,,
JEEP,,
CHEVROLET,,
FORD,,
JEEP,,
JEEP,,
CHEVROLET,,
CADILLAC,,
JEEP,,
FORD,,
CHEVROLET,,
JEEP,,
JEEP,,
CHEVROLET,,
FORD,,
CHEVROLET,,
CHEVROLET,,
CHEVROLET,,
JEEP,,
CHEVROLET,,
CHEVROLET,,
CHEVROLET,,
FORD,,
CHEVROLET,,
CHEVROLET,,
CHEVROLET,,
FORD,,
FORD,,
DODGE,,
CHEVROLET,,
CHEVROLET,,
CHEVROLET,,
FORD,,
JEEP,,
CHEVROLET,,
FORD,,
FORD,,
CHEVROLET,,
CHEVROLET,,
CHEVROLET,,
SATURN,,
HYUNDAI,,
TOYOTA,,
FORD,,
FORD,,
TOYOTA,,
VOLKSWAGEN,,
FORD,,
ACURA,,
CHEVROLET,,
CHRYSLER,,
CHEVROLET,,
SUZUKI,,
FORD,,
DODGE,,
CHEVROLET,,
FORD,,
JEEP,,
FORD,,
CHEVROLET,,
FORD,,
DODGE,,
FORD,,
CHEVROLET,,
CHEVROLET,,
JEEP,,
CHEVROLET,,
CADILLAC,,
CHEVROLET,,
FORD,,
CHEVROLET,,
CHEVROLET,,
CHEVROLET,,
FORD,,
CHEVROLET,,
CHEVROLET,,
CHEVROLET,,
CHEVROLET,,
CHEVROLET,,
CHEVROLET,,
FORD,,
DODGE,,
CHEVROLET,,
FORD,,
FORD,,
CHEVROLET,,
CHEVROLET,,
CHEVROLET,,
CHEVROLET,,
FORD,,
CHEVROLET,,
CHEVROLET,,
AUDI,,
LEXUS,,
CHEVROLET,,
CHEVROLET,,
CHEVROLET,,
FORD,,
CHEVROLET,,
JEEP,,
CHEVROLET,,
DODGE,,
CHEVROLET,,
FORD,,
CHEVROLET,,
FORD,,
DODGE,,
CHRYSLER,,
FORD,,
NISSAN,,
HYUNDAI,,
VOLKSWAGEN,,
CHRYSLER,,
PONTIAC,,
LAND ROVER,,
DODGE,,
CHEVROLET,,
CADILLAC,,
CHEVROLET,,
CHEVROLET,,
FORD,,
CHEVROLET,,
JAGUAR,,
DODGE,,
JEEP,,
CHEVROLET,,
CHEVROLET,,
CADILLAC,,
DODGE,,
CHEVROLET,,
CHEVROLET,,
FORD,,
BMW,,
DODGE,,
JEEP,,
CHEVROLET,,
FORD,,
FORD,,
CHEVROLET,,
FORD,,
CHEVROLET,,
CHEVROLET,,
FORD,,
AUDI,,
CHEVROLET,,
JEEP,,
CHEVROLET,,
FORD,,
CHEVROLET,,
LEXUS,,
DODGE,,
CHEVROLET,,
CHEVROLET,,
CHEVROLET,,
CHEVROLET,,
JEEP,,
FORD,,
CHEVROLET,,
AUDI,,
DODGE,,
JEEP,,
FORD,,
LEXUS,,
FORD,,
FORD,,
CHEVROLET,,
CHEVROLET,,
CHEVROLET,,
CHEVROLET,,
JEEP,,
JEEP,,
CHRYSLER,,
FORD,,
CHEVROLET,,
CHEVROLET,,
DODGE,,
TOYOTA,,
CHEVROLET,,
LINCOLN,,
SAAB,,
TOYOTA,,
DODGE,,
JEEP,,
CHEVROLET,,
CHEVROLET,,
DODGE,,
CHEVROLET,,
CHEVROLET,,
CHEVROLET,,
BMW,,
CADILLAC,,
CHEVROLET,,
CHEVROLET,,
CHEVROLET,,
CHEVROLET,,
CHEVROLET,,
FORD,,
JEEP,,
FORD,,
FORD,,
CHEVROLET,,
CADILLAC,,
CHEVROLET,,
BMW,,
FORD,,
FORD,,
FORD,,
FORD,,
CHEVROLET,,
JEEP,,
FORD,,
CHEVROLET,,
CHRYSLER,,
CHEVROLET,,
CHEVROLET,,
CADILLAC,,
CHEVROLET,,
BMW,,
FORD,,
FORD,,
FORD,,
CHEVROLET,,
CHEVROLET,,
JEEP,,
AUDI,,
JEEP,,
AUDI,,
JAGUAR,,
FORD,,
CHEVROLET,,
CHEVROLET,,
LEXUS,,
BMW,,
CHEVROLET,,
FORD,,
CHEVROLET,,
FORD,,
JEEP,,
JEEP,,
CHEVROLET,,
CHEVROLET,,
MERCEDES BENZ,,
DODGE,,
TOYOTA,,
LAND ROVER,,
FORD,,
DODGE,,
MINI,,
CHEVROLET,,
CHEVROLET,,
FORD,,
CADILLAC,,
CHRYSLER,,
CHEVROLET,,
DODGE,,
CHEVROLET,,
JEEP,,
FORD,,
JAGUAR,,
FORD,,
AUDI,,
FORD,,
DODGE,,
CHEVROLET,,
JEEP,,
JEEP,,
CHRYSLER,,
CHEVROLET,,
CHEVROLET,,
JEEP,,
FORD,,
CHEVROLET,,
FORD,,
FORD,,
CHEVROLET,,
BMW,,
FORD,,
CHEVROLET,,
CHEVROLET,,
CHEVROLET,,
CHEVROLET,,
JAGUAR,,
AUDI,,
CHEVROLET,,
CHEVROLET,,
CHEVROLET,,
CHEVROLET,,
CHEVROLET,,
JEEP,,
BMW,,
BMW,,
CHEVROLET,,
FORD,,
CADILLAC,,
CHEVROLET,,
FORD,,
FORD,,
FORD,,
CHEVROLET,,
FORD,,
CHEVROLET,,
JEEP,,
FORD,,
JEEP,,
LEXUS,,
DODGE,,
AUDI,,
CHEVROLET,,
FORD,,
TOYOTA,,
HYOSUNG,,
VOLKSWAGEN,,
HONDA,,
DODGE,,
PONTIAC,,
CHEVROLET,,
CHEVROLET,,
JEEP,,
CHEVROLET,,
AUDI,,
CHEVROLET,,
CHEVROLET,,
FORD,,
FORD,,
JEEP,,
JEEP,,
CHEVROLET,,
FORD,,
FORD,,
FORD,,
FORD,,
CHEVROLET,,
FORD,,
FORD,,
CHEVROLET,,
JEEP,,
FORD,,
FORD,,
CHEVROLET,,
FORD,,
CHEVROLET,,
JEEP,,
JEEP,,
JEEP,,
BMW,,
CADILLAC,,
LEXUS,,
CHEVROLET,,
CHEVROLET,,
CHEVROLET,,
DODGE,,
JEEP,,
FORD,,
AUDI,,
CHEVROLET,,
CADILLAC,,
JEEP,,
FORD,,
JAGUAR,,
FORD,,
CHEVROLET,,
FORD,,
CHEVROLET,,
FORD,,
FORD,,
FORD,,
JEEP,,
CHEVROLET,,
CHEVROLET,,
FORD,,
JAGUAR,,
JEEP,,
CHEVROLET,,
CHEVROLET,,
FORD,,
JEEP,,
FORD,,
CHEVROLET,,
CHEVROLET,,
FORD,,
TOYOTA,,
AUDI,,
FORD,,
HONDA,,
LINCOLN,,
CHEVROLET,,
CHEVROLET,,
JEEP,,
FORD,,
JEEP,,
FORD,,
FORD,,
FORD,,
CHEVROLET,,
FORD,,
CHEVROLET,,
CHEVROLET,,
CHEVROLET,,
BMW,,
BMW,,
CHEVROLET,,
FORD,,
CHEVROLET,,
FORD,,
JEEP,,
CHEVROLET,,
JEEP,,
FORD,,
CHEVROLET,,
JEEP,,
FORD,,
FORD,,
DODGE,,
CHEVROLET,,
JEEP,,
CHEVROLET,,
CHEVROLET,,
CHEVROLET,,
JEEP,,
JEEP,,
CHEVROLET,,
CHEVROLET,,
FORD,,
FORD,,
FORD,,
CHRYSLER,,
CHEVROLET,,
CHEVROLET,,
JEEP,,
JEEP,,
FORD,,
CHRYSLER,,
FORD,,
JAGUAR,,
FORD,,
JAGUAR,,
CADILLAC,,
CHEVROLET,,
NISSAN,,
FORD,,
CHRYSLER,,
NISSAN,,
AUDI,,
VOLKSWAGEN,,
CHEVROLET,,
CHEVROLET,,
DODGE,,
CHEVROLET,,
CHEVROLET,,
DODGE,,
LEXUS,,
CHEVROLET,,
JEEP,,
BMW,,
CHEVROLET,,
JEEP,,
FORD,,
CHEVROLET,,
FORD,,
FORD,,
CHRYSLER,,
CHEVROLET,,
FORD,,
JEEP,,
AUDI,,
FORD,,
CHEVROLET,,
JEEP,,
FORD,,
CHEVROLET,,
CHEVROLET,,
CHEVROLET,,
FORD,,
AUDI,,
CHRYSLER,,
CHEVROLET,,
FORD,,
JEEP,,
FORD,,
CHEVROLET,,
CHEVROLET,,
CHEVROLET,,
FORD,,
CHEVROLET,,
CHEVROLET,,
TOYOTA,,
MAZDA,,
CHEVROLET,,
TOYOTA,,
CHEVROLET,,
MERCURY,,
PONTIAC,,
JEEP,,
FORD,,
FORD,,
GMC,,
GMC,,
CHEVROLET,,
MERCEDES BENZ,,
TOYOTA,,
CHRYSLER,,
DODGE,,
TOYOTA,,
DODGE,,
KIA,,
JEEP,,
JEEP,,
HYUNDAI,,
CHEVROLET,,
JEEP,,
LINCOLN,,
LAND ROVER,,
FORD,,
AUDI,,
CADILLAC,,
AUDI,,
FORD,,
CHEVROLET,,
FORD,,
CHEVROLET,,
JEEP,,
JEEP,,
JEEP,,
CHEVROLET,,
CHEVROLET,,
CHEVROLET,,
CHEVROLET,,
JEEP,,
JEEP,,
CHEVROLET,,
DODGE,,
CHEVROLET,,
CHEVROLET,,
CHEVROLET,,
CHEVROLET,,
FORD,,
DODGE,,
CHEVROLET,,
CHEVROLET,,
CHEVROLET,,
CHRYSLER,,
CHEVROLET,,
JEEP,,
JEEP,,
FORD,,
AUDI,,
DODGE,,
CHEVROLET,,
CHEVROLET,,
DODGE,,
FORD,,
TOYOTA,,
FORD,,
MAZDA,,
BMW,,
CADILLAC,,
CADILLAC,,
CHEVROLET,,
TOYOTA,,
CHEVROLET,,
VOLVO,,
CHRYSLER,,
KIA MOTOR,,
CHEVROLET,,
CADILLAC,,
CHEVROLET,,
FORD,,
CHEVROLET,,
CHEVROLET,,
CHEVROLET,,
CADILLAC,,
FORD,,
BMW,,
FORD,,
CHEVROLET,,
CADILLAC,,
JEEP,,
CHEVROLET,,
CHEVROLET,,
FORD,,
FORD,,
CHEVROLET,,
CHEVROLET,,
LEXUS,,
CHEVROLET,,
CHEVROLET,,
CHEVROLET,,
CHEVROLET,,
CHEVROLET,,
BMW,,
CHEVROLET,,
CADILLAC,,
FORD,,
JAGUAR,,
JEEP,,
JEEP,,
JEEP,,
FORD,,
JEEP,,
VOLKSWAGEN,,
DODGE,,
CHEVROLET,,
TOYOTA,,
MITSUBISHI,,
FORD,,
FORD,,
DODGE,,
FORD,,
HONDA,,
CHEVROLET,,
JAGUAR,,
DODGE,,
CADILLAC,,
CHEVROLET,,
DODGE,,
FORD,,
JEEP,,
CHEVROLET,,
JEEP,,
CADILLAC,,
CHEVROLET,,
FORD,,
FORD,,
CHEVROLET,,
FORD,,
CHEVROLET,,
CHEVROLET,,
BMW,,
FORD,,
CHEVROLET,,
CHEVROLET,,
CHEVROLET,,
JEEP,,
DODGE,,
JEEP,,
FORD,,
CHEVROLET,,
CHEVROLET,,
CHEVROLET,,
CHEVROLET,,
FORD,,
FORD,,
CHEVROLET,,
CHEVROLET,,
BMW,,
FORD,,
JEEP,,
CHEVROLET,,
FORD,,
DODGE,,
FORD,,
CHEVROLET,,
JEEP,,
CHEVROLET,,
JEEP,,
JEEP,,
VOLVO,,
DODGE,,
FORD,,
CHEVROLET,,
ACURA,,
JEEP,,
LINCOLN,,
EXISS,,
FORD,,
FORD,,
CHEVROLET,,
CHEVROLET,,
FORD,,
TOYOTA,,
VOLKSWAGEN,,
TOYOTA,,
FORD,,
CADILLAC,,
FORD,,
CHEVROLET,,
CADILLAC,,
FORD,,
LEXUS,,
FORD,,
LEXUS,,
BMW,,
CHEVROLET,,
CHEVROLET,,
CHEVROLET,,
JEEP,,
DODGE,,
FORD,,
CHEVROLET,,
CHEVROLET,,
CADILLAC,,
CHEVROLET,,
CHEVROLET,,
CHEVROLET,,
BMW,,
CHEVROLET,,
FORD,,
CHEVROLET,,
JEEP,,
CHEVROLET,,
CHRYSLER,,
CHEVROLET,,
CHEVROLET,,
JAGUAR,,
DODGE,,
TOYOTA,,
CHRYSLER,,
CHEVROLET,,
TOYOTA,,
FORD,,
TOYOTA,,
VOLVO,,
KIA,,
DAEWOO,,
SUZUKI,,
HONDA,,
HONDA,,
HONDA,,
BUICK,,
HYUNDAI,,
DODGE,,
DODGE,,
CHEVROLET,,
DODGE,,
LEXUS,,
CHEVROLET,,
CADILLAC,,
JEEP,,
CADILLAC,,
JEEP,,
AUDI,,
DODGE,,
FORD,,
CHEVROLET,,
JEEP,,
JEEP,,
JEEP,,
CHEVROLET,,
JEEP,,
FORD,,
CHRYSLER,,
CHEVROLET,,
LEXUS,,
CHEVROLET,,
GILLIG,,
SUBARU,,
DODGE,,
CADILLAC,,
HYUNDAI,,
GMC,,
GMC,,
BMW,,
HONDA,,
FORD,,
TOYOTA,,
DODGE,,
KIA,,
MAZDA,,
CHEVROLET,,
BMW,,
SAFARI,,
FORD,,
PONTIAC,,
FORD,,
FORD,,
CHRYSLER,,
NISSAN,,
DODGE,,
FORD,,
VOLVO,,
TOYOTA,,
JEEP,,
CHEVROLET,,
AUDI,,
JEEP,,
LEXUS,,
AUDI,,
LEXUS,,
CHEVROLET,,
AUDI,,
CHEVROLET,,
AUDI,,
JEEP,,
CHEVROLET,,
CADILLAC,,
CHEVROLET,,
FORD,,
CHEVROLET,,
CHEVROLET,,
FORD,,
CHEVROLET,,
FORD,,
CHEVROLET,,
CHEVROLET,,
FORD,,
FORD,,
DODGE,,
CHEVROLET,,
JEEP,,
CHEVROLET,,
FORD,,
FORD,,
CADILLAC,,
CHRYSLER,,
AUDI,,
FORD,,
CHEVROLET,,
FORD,,
FORD,,
FORD,,
CHEVROLET,,
KIA,,
NISSAN,,
FORD,,
CHEVROLET,,
GMC,,
FORD,,
VOLKSWAGEN,,
FORD,,
GMC,,
MITSUBISHI,,
CHEVROLET,,
VOLVO,,
TOYOTA,,
TOYOTA,,
LEXUS,,
GMC,,
FORD,,
TOYOTA,,
FORD,,
CHEVROLET,,
FORD,,
JEEP,,
AUDI,,
CHEVROLET,,
JEEP,,
CHRYSLER,,
CHEVROLET,,
JEEP,,
FORD,,
CHEVROLET,,
CHEVROLET,,
JEEP,,
JEEP,,
FORD,,
CHEVROLET,,
CHEVROLET,,
FORD,,
CHEVROLET,,
AUDI,,
AUDI,,
CHEVROLET,,
JEEP,,
CHEVROLET,,
JEEP,,
FORD,,
CHEVROLET,,
CHEVROLET,,
CHEVROLET,,
CHEVROLET,,
CHEVROLET,,
CHEVROLET,,
CHEVROLET,,
CHEVROLET,,
JEEP,,
AUDI,,
AUDI,,
JEEP,,
CHEVROLET,,
HARLEY DAVIDSON,,
NISSAN,,
NISSAN,,
DODGE,,
VOLKSWAGEN,,
DODGE,,
DODGE,,
DODGE,,
PONTIAC,,
FORD,,
CHEVROLET,,
AUDI,,
NISSAN,,
DODGE,,
GMC,,
DODGE,,
CHRYSLER,,
JAGUAR,,
FORD,,
FORD,,
CHRYSLER,,
JEEP,,
FORD,,
JEEP,,
JEEP,,
CHEVROLET,,
DODGE,,
CHEVROLET,,
CHEVROLET,,
FORD,,
CHEVROLET,,
JEEP,,
AUDI,,
CHEVROLET,,
JEEP,,
CHEVROLET,,
FORD,,
CHEVROLET,,
FORD,,
CHEVROLET,,
CHEVROLET,,
FORD,,
CHEVROLET,,
CHEVROLET,,
CHEVROLET,,
FORD,,
CHEVROLET,,
FORD,,
CHEVROLET,,
CHEVROLET,,
LEXUS,,
DODGE,,
CHEVROLET,,
CHEVROLET,,
DODGE,,
CHEVROLET,,
NISSAN,,
TOYOTA,,
KIA,,
MERCURY,,
PONTIAC,,
FORD,,
FORD,,
FORD,,
SATURN,,
CHEVROLET,,
BUICK,,
LEXUS,,
CADILLAC,,
CHEVROLET,,
FORD,,
FORD,,
CHEVROLET,,
FORD,,
CADILLAC,,
CHEVROLET,,
FORD,,
FORD,,
CHEVROLET,,
CHEVROLET,,
CHEVROLET,,
FORD,,
CHEVROLET,,
DODGE,,
CHEVROLET,,
CADILLAC,,
CHEVROLET,,
CHEVROLET,,
FORD,,
FORD,,
FORD,,
LEXUS,,
CHEVROLET,,
CHEVROLET,,
CHEVROLET,,
CHEVROLET,,
JEEP,,
FORD,,
CHEVROLET,,
AUDI,,
FORD,,
CHRYSLER,,
CHEVROLET,,
CHEVROLET,,
CHEVROLET,,
CHEVROLET,,
CHEVROLET,,
FORD,,
FORD,,
VOLVO,,
NISSAN,,
FORD,,
TOYOTA,,
FORD,,
FORD,,
JEEP,,
CHEVROLET,,
FORD,,
HONDA,,
GMC,,
JEEP,,
DODGE,,
CHRYSLER,,
CHEVROLET,,
GMC,,
NISSAN,,
VOLVO,,
JEEP,,
CHEVROLET,,
CHEVROLET,,
CHEVROLET,,
CADILLAC,,
DODGE,,
CHEVROLET,,
CHEVROLET,,
CHEVROLET,,
JEEP,,
CHEVROLET,,
JEEP,,
FORD,,
FORD,,
CHEVROLET,,
JEEP,,
JEEP,,
CHRYSLER,,
CHRYSLER,,
JEEP,,
JEEP,,
CHEVROLET,,
CHEVROLET,,
CHEVROLET,,
CHEVROLET,,
CHEVROLET,,
FORD,,
CADILLAC,,
CHEVROLET,,
FORD,,
FORD,,
FORD,,
CHEVROLET,,
FORD,,
CHEVROLET,,
CHEVROLET,,
FORD,,
CHEVROLET,,
CHEVROLET,,
FORD,,
VOLKSWAGEN,,
TOYOTA,,
FORD,,
VOLKSWAGEN,,
KIA,,
VOLVO,,
VOLKSWAGEN,,
JAGUAR,,
SUZUKI,,
SATURN,,
FORD,,
BUICK,,
VOLVO,,
JAGUAR,,
VOLVO,,
HONDA,,
TOYOTA,,
CHEVROLET,,
JAGUAR,,
CHEVROLET,,
FORD,,
CHEVROLET,,
FORD,,
AUDI,,
FORD,,
FORD,,
CHEVROLET,,
DODGE,,
JAGUAR,,
JEEP,,
AUDI,,
AUDI,,
CADILLAC,,
JEEP,,
CHEVROLET,,
CHEVROLET,,
CHEVROLET,,
JEEP,,
CHEVROLET,,
FORD,,
JEEP,,
AUDI,,
AUDI,,
CHEVROLET,,
CHEVROLET,,
CHEVROLET,,
JEEP,,
FORD,,
CHEVROLET,,
FORD,,
FORD,,
JEEP,,
BMW,,
CHEVROLET,,
CHEVROLET,,
FORD,,
JAGUAR,,
TOYOTA,,
YAMAHA,,
NISSAN,,
FORD,,
DAEWOO,,
HONDA,,
FORD,,
CHEVROLET,,
CHRYSLER,,
HYUNDAI,,
MAZDA,,
BUICK,,
FORD,,
CHEVROLET,,
CHEVROLET,,
CHEVROLET,,
CHEVROLET,,
CADILLAC,,
DODGE,,
CHEVROLET,,
FORD,,
CHEVROLET,,
CHEVROLET,,
AUDI,,
FORD,,
JEEP,,
CHEVROLET,,
CHEVROLET,,
CHRYSLER,,
CHEVROLET,,
CHEVROLET,,
CHEVROLET,,
JAGUAR,,
FORD,,
CHEVROLET,,
CHEVROLET,,
JEEP,,
FORD,,
CHEVROLET,,
CADILLAC,,
AUDI,,
JEEP,,
JEEP,,
JEEP,,
CHEVROLET,,
CHEVROLET,,
AUDI,,
CHEVROLET,,
CHEVROLET,,
CHEVROLET,,
CHEVROLET,,
FORD,,
CHEVROLET,,
CHEVROLET,,
FORD,,
GMC,,
NISSAN,,
NISSAN,,
BUICK,,
JEEP,,
FORD,,
LINCOLN,,
DODGE,,
MERCURY,,
CHEVROLET,,
FORD,,
FORD,,
FORD,,
CHEVROLET,,
FORD,,
CHEVROLET,,
CHEVROLET,,
CHEVROLET,,
CADILLAC,,
CHEVROLET,,
CHEVROLET,,
CHEVROLET,,
CHEVROLET,,
JEEP,,
CHEVROLET,,
FORD,,
CHEVROLET,,
JEEP,,
CHEVROLET,,
FORD,,
CHEVROLET,,
CHEVROLET,,
CADILLAC,,
FORD,,
CHEVROLET,,
CHEVROLET,,
FORD,,
CHEVROLET,,
CHEVROLET,,
DODGE,,
FORD,,
CHEVROLET,,
JEEP,,
CHEVROLET,,
CHEVROLET,,
CADILLAC,,
FORD,,
CHEVROLET,,
FORD,,
FORD,,
FORD,,
FORD,,
JEEP,,
CHEVROLET,,
DODGE,,
CHEVROLET,,
CHEVROLET,,
FORD,,
NISSAN,,
SATURN,,
TOYOTA,,
FORD,,
HONDA,,
CHEVROLET,,
CHEVROLET,,
CADILLAC,,
JAGUAR,,
JEEP,,
CHEVROLET,,
JAGUAR,,
CHRYSLER,,
CADILLAC,,
CHEVROLET,,
JEEP,,
AUDI,,
AUDI,,
FORD,,
AUDI,,
FORD,,
CHEVROLET,,
CHEVROLET,,
FORD,,
JEEP,,
CHEVROLET,,
FORD,,
CHEVROLET,,
AUDI,,
DODGE,,
JEEP,,
FORD,,
JEEP,,
CHEVROLET,,
FORD,,
CHEVROLET,,
CHEVROLET,,
FORD,,
JEEP,,
CHEVROLET,,
CHEVROLET,,
CHRYSLER,,
JEEP,,
DODGE,,
CHEVROLET,,
JEEP,,
CHEVROLET,,
CHEVROLET,,
DODGE,,
CHEVROLET,,
CHEVROLET,,
CHEVROLET,,
CHEVROLET,,
CHEVROLET,,
CHEVROLET,,
FORD,,
DODGE,,
DODGE,,
FORD,,
CHRYSLER,,
FORD,,
SKYLINE,,
CHEVROLET,,
FORD,,
CHEVROLET,,
NISSAN,,
CHRYSLER,,
HONDA,,
NISSAN,,
TOYOTA,,
CHEVROLET,,
CHRYSLER,,
CADILLAC,,
FORD,,
CHEVROLET,,
JAGUAR,,
JAGUAR,,
DODGE,,
CADILLAC,,
CHEVROLET,,
DODGE,,
DODGE,,
CHEVROLET,,
AUDI,,
CHEVROLET,,
FORD,,
JAGUAR,,
FORD,,
JEEP,,
JEEP,,
FORD,,
CADILLAC,,
CHEVROLET,,
CHEVROLET,,
FORD,,
FORD,,
FORD,,
CHEVROLET,,
CHEVROLET,,
CADILLAC,,
CHEVROLET,,
CHEVROLET,,
FORD,,
CHEVROLET,,
CHEVROLET,,
CHEVROLET,,
CHEVROLET,,
DODGE,,
MAZDA,,
CHEVROLET,,
MAZDA,,
VOLKSWAGEN,,
CHEVROLET,,
NISSAN,,
CHRYSLER,,
FORD,,
TOYOTA,,
CHEVROLET,,
YAMAHA,,
JAGUAR,,
FORD,,
GMC,,
FORD,,
TOYOTA,,
GMC,,
FORD,,
GMC,,
DODGE,,
AUDI,,
LEXUS,,
CHEVROLET,,
FORD,,
CHRYSLER,,
FORD,,
CADILLAC,,
DODGE,,
JEEP,,
CADILLAC,,
CHEVROLET,,
DODGE,,
FORD,,
CHEVROLET,,
CHEVROLET,,
CHEVROLET,,
CHEVROLET,,
CHEVROLET,,
FORD,,
CHEVROLET,,
JEEP,,
CADILLAC,,
CHEVROLET,,
FORD,,
FORD,,
FORD,,
CHEVROLET,,
CADILLAC,,
CHEVROLET,,
FORD,,
CHEVROLET,,
JEEP,,
FORD,,
CHEVROLET,,
CHEVROLET,,
CHEVROLET,,
CHEVROLET,,
CADILLAC,,
FORD,,
CADILLAC,,
CADILLAC,,
CADILLAC,,
CADILLAC,,
FORD,,
CHEVROLET,,
DODGE,,
JEEP,,
CADILLAC,,
JAGUAR,,
DODGE,,
CADILLAC,,
FORD,,
CADILLAC,,
AUDI,,
BMW,,
MITSUBISHI,,
HONDA,,
SUBARU,,
BMW,,
CHEVROLET,,
MERCURY,,
KIA,,
CHEVROLET,,
FORD,,
GMC,,
HONDA,,
HONDA,,
LEXUS,,
DODGE,,
DODGE,,
JEEP,,
HYUNDAI,,
PONTIAC,,
GMC,,
VOLKSWAGEN,,
CADILLAC,,
JEEP,,
FORD,,
JEEP,,
CADILLAC,,
CADILLAC,,
AUDI,,
CADILLAC,,
CADILLAC,,
CHRYSLER,,
CADILLAC,,
FORD,,
FORD,,
CHRYSLER,,
BMW,,
CADILLAC,,
AUDI,,
JEEP,,
IC,,
HONDA,,
TOYOTA,,
HONDA,,
VOLKSWAGEN,,
JEEP,,
MITSUBISHI,,
HYUNDAI,,
FORD,,
GMC,,
MERCURY,,
INTERNATIONAL,,
LEXUS,,
TOYOTA,,
FORD,,
CHEVROLET,,
CADILLAC,,
CHEVROLET,,
CADILLAC,,
CADILLAC,,
CADILLAC,,
AUDI,,
CHEVROLET,,
CADILLAC,,
LEXUS,,
AUDI,,
CHRYSLER,,
BMW,,
JEEP,,
TOYOTA,,
BMW,,
HONDA,,
CHEVROLET,,
HYUNDAI,,
HONDA,,
GMC,,
VOLVO,,
OLDSMOBILE,,
TOYOTA,,
MERCEDES BENZ,,
MERCURY,,
DODGE,,
BUICK,,
FORD,,
CADILLAC,,
LAND ROVER,,
FORD,,
GMC,,
ISUZU,,
DODGE,,
TOYOTA,,
VOLVO,,
OLDSMOBILE,,
THOMAS,,
BUICK,,
HONDA,,
TOYOTA,,
NISSAN,,
SPRINTER,,
LEXUS,,
ACURA,,
KAWASAKI,,
HYUNDAI,,
LEXUS,,
CHEVROLET,,
CHRYSLER,,
TOYOTA,,
GMC,,
FORD,,
YAMAHA,,
JEEP,,
CADILLAC,,
HYUNDAI,,
SUBARU,,
CHEVROLET,,
PONTIAC,,
GMC,,
MERCURY,,
HONDA,,
BUICK,,
FORD,,
TOYOTA,,
TOYOTA,,
HONDA,,
TOYOTA,,
FORD,,
CHEVROLET,,
VOLKSWAGEN,,
MAZDA,,
TOYOTA,,
CHEVROLET,,
FORD,,
FORD,,
VOLKSWAGEN,,
FORD,,
TOYOTA,,
SUBARU,,
NISSAN,,
SUZUKI,,
CHEVROLET,,
JAGUAR,,
TOYOTA,,
ACURA,,
HYUNDAI,,
CHRYSLER,,
VOLKSWAGEN,,
GMC,,
HYUNDAI,,
VOLVO,,
BMW,,
SAAB,,
HONDA,,
HONDA,,
JAGUAR,,
CHRYSLER,,
GMC,,
CHEVROLET,,
CHEVROLET,,
FORD,,
FORD,,
VOLVO,,
MERCURY,,
FORD,,
LEXUS,,
CHEVROLET,,
SUZUKI,,
CHEVROLET,,
FLEETWOOD,,
FORD,,
FORD,,
HYUNDAI,,
HONDA,,
AUDI,,
FORD,,
LINCOLN,,
PONTIAC,,
VOLVO,,
FORD,,
HYUNDAI,,
SATURN,,
HYUNDAI,,
CADILLAC,,
FORD,,
DODGE,,
TOYOTA,,
CHEVROLET,,
FORD,,
CHEVROLET,,
HONDA,,
DODGE,,
DODGE,,
SUZUKI,,
HONDA,,
FORD,,
KIA,,
HONDA,,
CHEVROLET,,
KIA,,
NISSAN,,
KIA,,
FORD,,
GMC,,
MAZDA,,
LEXUS,,
FORD,,
HONDA,,
HONDA,,
CHEVROLET,,
CHEVROLET,,
VOLVO,,
PLYMOUTH,,
JEEP,,
CHEVROLET,,
FORD,,
SUZUKI,,
FORD,,
INFINITI,,
VOLKSWAGEN,,
NISSAN,,
CHEVROLET,,
CHRYSLER,,
SUBARU,,
FORD,,
FORD,,
CHRYSLER,,
TOYOTA,,
HYUNDAI,,
VOLKSWAGEN,,
CHEVROLET,,
NISSAN,,
TOYOTA,,
TOYOTA,,
CHEVROLET,,
HONDA,,
TOYOTA,,
DODGE,,
VOLKSWAGEN,,
FORD,,
HONDA,,
GMC,,
GMC,,
HONDA,,
CADILLAC,,
CHEVROLET,,
TOYOTA,,
CHEVROLET,,
KIA,,
SUZUKI,,
DODGE,,
FORD,,
TOYOTA,,
GMC,,
FORD,,
TOYOTA,,
CHEVROLET,,
VOLKSWAGEN,,
HYUNDAI,,
FORD,,
CHEVROLET,,
CHEVROLET,,
BUICK,,
VOLVO,,
MAZDA,,
FORD,,
JEEP,,
TOYOTA,,
LEXUS,,
FORD,,
FORD,,
MAZDA,,
CADILLAC,,
GMC,,
FORD,,
CHEVROLET,,
JEEP,,
CHEVROLET,,
DODGE,,
VOLKSWAGEN,,
FORD,,
FORD,,
SUZUKI,,
CHRYSLER,,
CHEVROLET,,
FORD,,
NISSAN,,
LEXUS,,
NISSAN,,
GMC,,
TOYOTA,,
CHEVROLET,,
CADILLAC,,
MERCEDES BENZ,,
DODGE,,
TOYOTA,,
HONDA,,
JEEP,,
MERCURY,,
YAMAHA,,
HONDA,,
TOYOTA,,
NISSAN,,
NISSAN,,
VOLVO,,
BUICK,,
PONTIAC,,
FORD,,
CHEVROLET,,
LEXUS,,
LAND ROVER,,
FORD,,
TOYOTA,,
DODGE,,
FORD,,
DODGE,,
HYUNDAI,,
HONDA,,
CHRYSLER,,
CHEVROLET,,
CHEVROLET,,
FORD,,
SUBARU,,
PONTIAC,,
HYUNDAI,,
VOLKSWAGEN,,
HONDA,,
SATURN,,
CHRYSLER,,
FORD,,
MAZDA,,
CADILLAC,,
LINCOLN,,
DODGE,,
CHRYSLER,,
CHEVROLET,,
BMW,,
MERCEDES BENZ,,
NISSAN,,
HONDA,,
HONDA,,
CHEVROLET,,
PONTIAC,,
HYUNDAI,,
CHEVROLET,,
JEEP,,
NISSAN,,
KIA,,
KIA,,
CHEVROLET,,
JAGUAR,,
CHRYSLER,,
DODGE,,
CHEVROLET,,
VOLVO,,
TOYOTA,,
INFINITI,,
HONDA,,
CHRYSLER,,
CHEVROLET,,
CHRYSLER,,
VOLVO,,
MITSUBISHI,,
MERCURY,,
CHEVROLET,,
HONDA,,
TOYOTA,,
CHRYSLER,,
GMC,,
PONTIAC,,
FORD,,
LEXUS,,
DODGE,,
TOYOTA,,
FORD,,
CHRYSLER,,
YAMAHA,,
JEEP,,
JEEP,,
DODGE,,
HYUNDAI,,
TOYOTA,,
NISSAN,,
TOYOTA,,
PONTIAC,,
CHEVROLET,,
TOYOTA,,
FORD,,
FORD,,
HONDA,,
WORKHORSE,,
FORD,,
FORD,,
MERCURY,,
DODGE,,
FORD,,
DODGE,,
LINCOLN,,
MAZDA,,
VOLVO,,
NISSAN,,
FORD,,
TOYOTA,,
HONDA,,
HONDA,,
HONDA,,
DODGE,,
TOYOTA,,
CHEVROLET,,
FORD,,
FORD,,
FORD,,
ACURA,,
HYUNDAI,,
YAMAHA,,
PONTIAC,,
SATURN,,
SATURN,,
VOLKSWAGEN,,
DODGE,,
JEEP,,
CHEVROLET,,
VOLKSWAGEN,,
MERCEDES BENZ,,
MERCURY,,
SUBARU,,
MITSUBISHI,,
CHEVROLET,,
NISSAN,,
CADILLAC,,
CHEVROLET,,
HYUNDAI,,
JEEP,,
GMC,,
CHEVROLET,,
FORD,,
JEEP,,
FORD,,
CHEVROLET,,
FORD,,
FORD,,
THOR CALIFORNIA,,
MAZDA,,
SUZUKI,,
GMC,,
MAZDA,,
CHEVROLET,,
TOYOTA,,
KIA,,
CHEVROLET,,
CHRYSLER,,
CHRYSLER,,
FORD,,
FORD,,
FORD,,
FORD,,
FORD,,
FORD,,
FORD,,
CHEVROLET,,
CHEVROLET,,
CHEVROLET,,
CHEVROLET,,
CHEVROLET,,
CHEVROLET,,
BUICK,,
DODGE,,
VOLVO,,
CHEVROLET,,
FORD,,
JEEP,,
HONDA,,
FORD,,
MERCURY,,
BMW,,
JEEP,,
MITSUBISHI,,
CHEVROLET,,
TOYOTA,,
PONTIAC,,
NISSAN,,
HONDA,,
NISSAN,,
OLDSMOBILE,,
JEEP,,
FORD,,
VOLVO,,
INFINITI,,
CHEVROLET,,
CHEVROLET,,
JEEP,,
JEEP,,
DODGE,,
DODGE,,
JEEP,,
NISSAN,,
CHEVROLET,,
DODGE,,
CADILLAC,,
DODGE,,
AUDI,,
CADILLAC,,
FORD,,
JEEP,,
LEXUS,,
GMC,,
CHEVROLET,,
TOYOTA,,
FORD,,
TOYOTA,,
HONDA,,
SAAB,,
KIA,,
JEEP,,
TOYOTA,,
HONDA,,
JEEP,,
CHRYSLER,,
HONDA,,
GMC,,
FORD,,
LEXUS,,
JEEP,,
FORD,,
GMC,,
KIA,,
CADILLAC,,
NISSAN,,
SUBARU,,
FORD,,
CADILLAC,,
JEEP,,
CADILLAC,,
CHRYSLER,,
CHEVROLET,,
CADILLAC,,
CADILLAC,,
CADILLAC,,
AUDI,,
CADILLAC,,
AUDI,,
DODGE,,
JEEP,,
CADILLAC,,
JEEP,,
JAGUAR,,
LEXUS,,
VOLKSWAGEN,,
MERCEDES BENZ,,
HONDA,,
JAGUAR,,
FORD,,
VOLKSWAGEN,,
TOYOTA,,
FORD,,
CHEVROLET,,
CHRYSLER,,
MITSUBISHI,,
DODGE,,
WESTERN,,
TOYOTA,,
CHEVROLET,,
CHEVROLET,,
JEEP,,
HONDA,,
NISSAN,,
CHEVROLET,,
YAMAHA,,
ACURA,,
CHEVROLET,,
CHEVROLET,,
LEXUS,,
SATURN,,
HYUNDAI,,
TOYOTA,,
MAZDA,,
CHEVROLET,,
FORD,,
CHEVROLET,,
FORD,,
HONDA,,
FORD,,
KIA,,
NISSAN,,
PONTIAC,,
TOYOTA,,
ITASCA,,
VOLKSWAGEN,,
TOYOTA,,
DODGE,,
GMC,,
CHRYSLER,,
VOLKSWAGEN,,
LAND ROVER,,
CHEVROLET,,
FORD,,
CHEVROLET,,
CHRYSLER,,
NISSAN,,
INFINITI,,
FORD,,
DODGE,,
TOYOTA,,
JEEP,,
FORD,,
CADILLAC,,
LEXUS,,
CADILLAC,,
VOLVO,,
CHEVROLET,,
CHEVROLET,,
CHEVROLET,,
BMW,,
SUZUKI,,
BUICK,,
HONDA,,
KIA,,
TOYOTA,,
SATURN,,
HONDA,,
HONDA,,
CHEVROLET,,
DODGE,,
HONDA,,
CHRYSLER,,
LAND ROVER,,
NISSAN,,
CHEVROLET,,
FORD,,
JEEP,,
JEEP,,
GMC,,
FORD,,
TOYOTA,,
LEXUS,,
FORD,,
TOYOTA,,
KIA,,
PONTIAC,,
AMERICAN IRONHORSE,,
CHEVROLET,,
ISUZU,,
TOYOTA,,
TOYOTA,,
GMC,,
CHEVROLET,,
JEEP,,
VOLKSWAGEN,,
TOYOTA,,
CHRYSLER,,
CHEVROLET,,
LINCOLN,,
TOYOTA,,
FORD,,
CHEVROLET,,
DODGE,,
DODGE,,
HYUNDAI,,
CHEVROLET,,
SAAB,,
DODGE,,
CHEVROLET,,
FORD,,
TOYOTA,,
CHRYSLER,,
VOLKSWAGEN,,
VOLKSWAGEN,,
CHEVROLET,,
FORD,,
AUDI,,
KIA,,
KIA,,
KIA,,
BMW,,
NISSAN,,
FORD,,
HYUNDAI,,
ACURA,,
MERCURY,,
HONDA,,
DODGE,,
CHEVROLET,,
BUICK,,
INTERNATIONAL,,
DODGE,,
CHRYSLER,,
NISSAN,,
BUICK,,
GMC,,
NISSAN,,
TOYOTA,,
HYUNDAI,,
CHEVROLET,,
DODGE,,
VOLKSWAGEN,,
HONDA,,
CHEVROLET,,
FORD,,
CHEVROLET,,
FORD,,
CHEVROLET,,
SUBARU,,
CHEVROLET,,
ACURA,,
DODGE,,
CHEVROLET,,
DODGE,,
DODGE,,
FORD,,
HYUNDAI,,
CHEVROLET,,
VOLVO,,
VOLKSWAGEN,,
FORD,,
VICTORY,,
CHRYSLER,,
FORD,,
MINI,,
KIA,,
HONDA,,
VOLKSWAGEN,,
NISSAN,,
HYUNDAI,,
JEEP,,
CHEVROLET,,
CHEVROLET,,
HYUNDAI,,
VOLVO,,
FORD,,
KIA,,
FORD,,
CHEVROLET,,
PONTIAC,,
TOYOTA,,
NISSAN,,
CHEVROLET,,
HONDA,,
LINCOLN,,
CHEVROLET,,
VOLKSWAGEN,,
TOYOTA,,
TOYOTA,,
BIG DOG,,
CHRYSLER,,
NISSAN,,
CHRYSLER,,
GMC,,
TOYOTA,,
TOYOTA,,
SAAB,,
FORD,,
HONDA,,
AUDI,,
YAMAHA,,
CHEVROLET,,
FORD,,
FORD,,
MAZDA,,
JEEP,,
SUBARU,,
DUCATI,,
BMW,,
TOYOTA,,
DODGE,,
NISSAN,,
TOYOTA,,
INFINITI,,
OLDSMOBILE,,
VOLKSWAGEN,,
CHRYSLER,,
NISSAN,,
BUICK,,
SATURN,,
DODGE,,
NISSAN,,
CHRYSLER,,
CHEVROLET,,
FORD,,
HYUNDAI,,
DODGE,,
MERCEDES BENZ,,
TOYOTA,,
TOYOTA,,
DODGE,,
HYUNDAI,,
BUICK,,
CADILLAC,,
FORD,,
FORD,,
FORD,,
CHEVROLET,,
SUZUKI,,
SATURN,,
JEEP,,
CHRYSLER,,
CHEVROLET,,
NISSAN,,
TOYOTA,,
TOYOTA,,
KIA MOTOR,,
HYUNDAI,,
BMW,,
PONTIAC,,
MAZDA,,
FORD,,
CHEVROLET,,
DODGE,,
SATURN,,
VOLVO,,
CHEVROLET,,
HARLEY DAVIDSON,,
TOYOTA,,
SUBARU,,
JEEP,,
TOYOTA,,
CHEVROLET,,
DODGE,,
INFINITI,,
MERCURY,,
HARLEY DAVIDSON,,
JEEP,,
HONDA,,
JEEP,,
NISSAN,,
MERCURY,,
CHEVROLET,,
CADILLAC,,
TOYOTA,,
TOYOTA,,
ACURA,,
FORD,,
TOYOTA,,
FORD,,
BMW,,
DODGE,,
GMC,,
FORD,,
CHEVROLET,,
NISSAN,,
ACURA,,
KIA,,
VOLKSWAGEN,,
TOYOTA,,
JEEP,,
VOLKSWAGEN,,
FORD,,
FORD,,
FORD,,
HYOSUNG,,
HYUNDAI,,
JEEP,,
PONTIAC,,
CHRYSLER,,
MERCURY,,
AUDI,,
DODGE,,
SUZUKI,,
TOYOTA,,
HARLEY DAVIDSON,,
FORD,,
SUBARU,,
JEEP,,
DODGE,,
DODGE,,
MAZDA,,
FORD,,
HONDA,,
CHEVROLET,,
GMC,,
NISSAN,,
LAND ROVER,,
HONDA,,
KIA,,
MERCEDES BENZ,,
FORD,,
CHEVROLET,,
LINCOLN,,
FORD,,
FORD,,
YAMAHA,,
KIA,,
TOYOTA,,
HONDA,,
KIA,,
DODGE,,
BMW,,
CHEVROLET,,
LEXUS,,
GMC,,
FORD,,
FORD,,
LAND ROVER,,
TOYOTA,,
VOLVO,,
GMC,,
SUZUKI,,
TOYOTA,,
JEEP,,
MERCURY,,
PONTIAC,,
MERCURY,,
ACURA,,
KIA,,
VOLVO,,
CHEVROLET,,
GMC,,
DODGE,,
CADILLAC,,
CHEVROLET,,
CHEVROLET,,
DODGE,,
PONTIAC,,
PONTIAC,,
FORD,,
FORD,,
GMC,,
FORD,,
SATURN,,
TOYOTA,,
CHRYSLER,,
TOYOTA,,
FORD,,
FORD,,
DODGE,,
MERCURY,,
CHEVROLET,,
CHEVROLET,,
CHRYSLER,,
GMC,,
FORD,,
TOYOTA,,
HYUNDAI,,
CHEVROLET,,
VOLVO,,
TOYOTA,,
BUICK,,
TOYOTA,,
CADILLAC,,
HONDA,,
FORD,,
AUDI,,
NISSAN,,
FORD,,
KIA,,
CHEVROLET,,
VOLVO,,
HONDA,,
MAZDA,,
BUICK,,
CHEVROLET,,
JEEP,,
DODGE,,
DAEWOO PUERTO RICO,,
TOYOTA,,
JEEP,,
VOLVO,,
FORD,,
VOLKSWAGEN,,
HONDA,,
DODGE,,
KIA,,
KIA,,
MAZDA,,
CHEVROLET,,
FORD,,
DODGE,,
GMC,,
LEXUS,,
CADILLAC,,
CADILLAC,,
FORD,,
FORD,,
HONDA,,
FORD,,
JEEP,,
MERCEDES,,
DODGE,,
CHEVROLET,,
MERCURY,,
CHRYSLER,,
FORD,,
PONTIAC,,
JAGUAR,,
ACURA,,
CADILLAC,,
KIA,,
SATURN,,
TOYOTA,,
PONTIAC,,
FORD,,
FORD,,
FORD,,
DODGE,,
JEEP,,
CHEVROLET,,
JEEP,,
JEEP,,
FORD,,
VOLKSWAGEN,,
SATURN,,
KIA,,
CHEVROLET,,
BMW,,
VOLVO,,
HONDA,,
CHRYSLER,,
LEXUS,,
BUICK,,
FORD,,
VOLKSWAGEN,,
CHEVROLET,,
TOYOTA,,
PONTIAC,,
BUICK,,
CHRYSLER,,
HYUNDAI,,
SATURN,,
GMC,,
HONDA,,
HUMMER,,
VOLKSWAGEN,,
CHEVROLET,,
CHEVROLET,,
CADILLAC,,
PORSCHE,,
FORD,,
VOLKSWAGEN,,
VOLVO,,
JAGUAR,,
SUBARU,,
FORD,,
MAZDA,,
BUICK,,
FORD,,
VOLVO,,
DODGE,,
KIA,,
FORD,,
LEXUS,,
MERCURY,,
CHEVROLET,,
CHEVROLET,,
HONDA,,
CHEVROLET,,
TOYOTA,,
CHEVROLET,,
GMC,,
NISSAN,,
CHEVROLET,,
CHEVROLET,,
SATURN,,
FORD,,
FORD,,
NISSAN,,
TOYOTA,,
BMW,,
DODGE,,
HONDA,,
DODGE,,
FORD,,
FORD,,
AUDI,,
CHEVROLET,,
CHEVROLET,,
CHEVROLET,,
JAGUAR,,
FORD,,
JEEP,,
FORD,,
FORD,,
FORD,,
DODGE,,
DODGE,,
CHEVROLET,,
CHEVROLET,,
FORD,,
FORD,,
JAGUAR,,
CHEVROLET,,
JEEP,,
JEEP,,
AUDI,,
AUDI,,
AUDI,,
BMW,,
CHEVROLET,,
CHEVROLET,,
DODGE,,
DODGE,,
CHEVROLET,,
CHEVROLET,,
CHEVROLET,,
FORD,,
FORD,,
AUDI,,
AUDI,,
CHEVROLET,,
CHEVROLET,,
FORD,,
FORD,,
CHEVROLET,,
CHEVROLET,,
CHEVROLET,,
CHEVROLET,,
CHEVROLET,,
FORD,,
CHEVROLET,,
CHEVROLET,,
LEXUS,,
CHEVROLET,,
LEXUS,,
LEXUS,,
FORD,,
FORD,,
CHEVROLET,,
CHEVROLET,,
FORD,,
FORD,,
CHEVROLET,,
CHEVROLET,,
FORD,,
FORD,,
CHEVROLET,,
CHEVROLET,,
CHEVROLET,,
CHEVROLET,,
DODGE,,
JAGUAR,,
JAGUAR,,
DODGE,,
CHEVROLET,,
CHEVROLET,,
JEEP,,
DODGE,,
DODGE,,
DODGE,,
DODGE,,
JEEP,,
JEEP,,
VOLVO,,
PONTIAC,,
DODGE,,
AUDI,,
CHRYSLER,,
CHRYSLER,,
FORD,,
FORD,,
JEEP,,
BMW,,
BMW,,
AUDI,,
FORD,,
FORD,,
CHRYSLER,,
AUDI,,
AUDI,,
BMW,,
JEEP,,
JEEP,,
AUDI,,
AUDI,,
CHRYSLER,,
CHRYSLER,,
CHEVROLET,,
CHEVROLET,,
CHEVROLET,,
AUDI,,
AUDI,,
AUDI,,
AUDI,,
LEXUS,,
LEXUS,,
AUDI,,
AUDI,,
FORD,,
FORD,,
JAGUAR,,
CHEVROLET,,
BMW,,
BMW,,
CHEVROLET,,
CHEVROLET,,
LEXUS,,
LEXUS,,
FORD,,
FORD,,
CHRYSLER,,
CHRYSLER,,
AUDI,,
AUDI,,
FORD,,
CHEVROLET,,
FORD,,
FORD,,
DODGE,,
DODGE,,
FORD,,
FORD,,
AUDI,,
AUDI,,
DODGE,,
DODGE,,
CHEVROLET,,
CHEVROLET,,
FORD,,
FORD,,
FORD,,
CHEVROLET,,
CHEVROLET,,
FORD,,
FORD,,
BUICK,,
BMW,,
HYUNDAI,,
CHEVROLET,,
CHEVROLET,,
HYUNDAI,,
FORD,,
CHEVROLET,,
HYUNDAI,,
FORD,,
SUZUKI,,
CHRYSLER,,
CHRYSLER,,
FORD,,
FORD,,
CHRYSLER,,
CHEVROLET,,
AUDI,,
AUDI,,
AUDI,,
BMW,,
BMW,,
BMW,,
BMW,,
CHRYSLER,,
CHRYSLER,,
FORD,,
FORD,,
FORD,,
CHEVROLET,,
CHEVROLET,,
JAGUAR,,
FORD,,
JEEP,,
CHEVROLET,,
CHEVROLET,,
AUDI,,
DODGE,,
LEXUS,,
DODGE,,
DODGE,,
AUDI,,
FORD,,
FORD,,
FORD,,
FORD,,
FORD,,
BMW,,
DODGE,,
FORD,,
DODGE,,
DODGE,,
FORD,,
FORD,,
FORD,,
BMW,,
BMW,,
FORD,,
AUDI,,
AUDI,,
AUDI,,
JAGUAR,,
JAGUAR,,
CHEVROLET,,
CHEVROLET,,
CHEVROLET,,
CHEVROLET,,
FORD,,
CHRYSLER,,
CHRYSLER,,
CHEVROLET,,
CHEVROLET,,
JEEP,,
AUDI,,
AUDI,,
CHEVROLET,,
CHEVROLET,,
DODGE,,
AUDI,,
AUDI,,
CHEVROLET,,
TOYOTA,,
YAMAHA,,
SATURN,,
DODGE,,
VOLVO,,
FORD,,
OLDSMOBILE,,
JEEP,,
CHRYSLER,,
CHRYSLER,,
CHEVROLET,,
CHRYSLER,,
CHRYSLER,,
DODGE,,
DODGE,,
JAGUAR,,
JAGUAR,,
FORD,,
FORD,,
FORD,,
AUDI,,
AUDI,,
CHEVROLET,,
CHEVROLET,,
JEEP,,
JEEP,,
BMW,,
CHEVROLET,,
CHEVROLET,,
FORD,,
DODGE,,
DODGE,,
CHEVROLET,,
FORD,,
FORD,,
CHRYSLER,,
CHRYSLER,,
DODGE,,
DODGE,,
CHRYSLER,,
CHRYSLER,,
DODGE,,
DODGE,,
JEEP,,
JEEP,,
JAGUAR,,
JAGUAR,,
FORD,,
FORD,,
DODGE,,
DODGE,,
DODGE,,
LEXUS,,
FORD,,
FORD,,
CHEVROLET,,
LEXUS,,
LEXUS,,
LEXUS,,
LEXUS,,
CHRYSLER,,
CHRYSLER,,
FORD,,
FORD,,
CHEVROLET,,
CHEVROLET,,
FORD,,
FORD,,
FORD,,
FORD,,
CHEVROLET,,
AUDI,,
AUDI,,
AUDI,,
AUDI,,
AUDI,,
CHEVROLET,,
CHEVROLET,,
FORD,,
CHEVROLET,,
CHEVROLET,,
FORD,,
FORD,,
FORD,,
FORD,,
DODGE,,
DODGE,,
DODGE,,
DODGE,,
JEEP,,
JEEP,,
CHEVROLET,,
CHEVROLET,,
CHEVROLET,,
CHEVROLET,,
CHEVROLET,,
CHEVROLET,,
DODGE,,
CHEVROLET,,
FORD,,
FORD,,
FORD,,
AUDI,,
AUDI,,
JAGUAR,,
JAGUAR,,
JAGUAR,,
CHEVROLET,,
JAGUAR,,
JAGUAR,,
JEEP,,
JEEP,,
AUDI,,
AUDI,,
AUDI,,
JEEP,,
FORD,,
FORD,,
FORD,,
FORD,,
CHEVROLET,,
CHEVROLET,,
LEXUS,,
FORD,,
FORD,,
JEEP,,
JEEP,,
LEXUS,,
LEXUS,,
AUDI,,
AUDI,,
JEEP,,
DODGE,,
DODGE,,
CHEVROLET,,
CHEVROLET,,
AUDI,,
FORD,,
FORD,,
AUDI,,
AUDI,,
AUDI,,
LEXUS,,
AUDI,,
AUDI,,
AUDI,,
FORD,,
FORD,,
CHEVROLET,,
LEXUS,,
AUDI,,
AUDI,,
FORD,,
FORD,,
AUDI,,
DODGE,,
DODGE,,
AUDI,,
AUDI,,
LEXUS,,
AUDI,,
FORD,,
FORD,,
JEEP,,
JEEP,,
CHEVROLET,,
FORD,,
FORD,,
CHEVROLET,,
LEXUS,,
LEXUS,,
FORD,,
AUDI,,
AUDI,,
FORD,,
FORD,,
JEEP,,
FORD,,
FORD,,
AUDI,,
AUDI,,
FORD,,
FORD,,
JAGUAR,,
CHEVROLET,,
BMW,,
BMW,,
JEEP,,
JEEP,,
JAGUAR,,
JAGUAR,,
CHEVROLET,,
CHEVROLET,,
JEEP,,
FORD,,
FORD,,
BMW,,
FORD,,
CHRYSLER,,
CHRYSLER,,
FORD,,
AUDI,,
AUDI,,
FORD,,
FORD,,
FORD,,
CHEVROLET,,
FORD,,
CHEVROLET,,
AUDI,,
LEXUS,,
LEXUS,,
CHRYSLER,,
BMW,,
FORD,,
DODGE,,
DODGE,,
LEXUS,,
CHEVROLET,,
FORD,,
FORD,,
JEEP,,
AUDI,,
AUDI,,
FORD,,
CHRYSLER,,
JEEP,,
JEEP,,
BMW,,
BMW,,
FORD,,
FORD,,
JEEP,,
JEEP,,
FORD,,
JEEP,,
AUDI,,
AUDI,,
HONDA,,
FORD,,
CHEVROLET,,
KIA,,
JAGUAR,,
FORD,,
FORD,,
BMW,,
BMW,,
DODGE,,
DODGE,,
AUDI,,
AUDI,,
JEEP,,
JEEP,,
JAGUAR,,
JAGUAR,,
DODGE,,
DODGE,,
CHEVROLET,,
AUDI,,
AUDI,,
BMW,,
BMW,,
FORD,,
FORD,,
FORD,,
FORD,,
CHEVROLET,,
CHEVROLET,,
AUDI,,
AUDI,,
AUDI,,
AUDI,,
DODGE,,
DODGE,,
CHEVROLET,,
AUDI,,
AUDI,,
CHEVROLET,,
CHEVROLET,,
FORD,,
FORD,,
BMW,,
LEXUS,,
FORD,,
BMW,,
FORD,,
FORD,,
CHRYSLER,,
JAGUAR,,
JAGUAR,,
FORD,,
FORD,,
CHEVROLET,,
CHEVROLET,,
AUDI,,
AUDI,,
JEEP,,
JEEP,,
AUDI,,
AUDI,,
CHEVROLET,,
CHEVROLET,,
AUDI,,
AUDI,,
BMW,,
JEEP,,
JEEP,,
AUDI,,
CHEVROLET,,
CHEVROLET,,
CHEVROLET,,
CHEVROLET,,
AIRSTREAM,,
JEEP,,
DODGE,,
CHEVROLET,,
HYUNDAI,,
CHRYSLER,,
ACURA,,
CHRYSLER,,
LEXUS,,
AUDI,,
CHRYSLER,,
FORD,,
FORD,,
JAGUAR,,
JAGUAR,,
JEEP,,
BMW,,
AUDI,,
AUDI,,
LEXUS,,
LEXUS,,
LEXUS,,
LEXUS,,
AUDI,,
AUDI,,
FORD,,
FORD,,
LEXUS,,
LEXUS,,
FORD,,
CHRYSLER,,
FORD,,
FORD,,
AUDI,,
AUDI,,
FORD,,
FORD,,
DODGE,,
DODGE,,
BMW,,
CHEVROLET,,
CHEVROLET,,
FORD,,
FORD,,
LEXUS,,
LEXUS,,
CHEVROLET,,
CHEVROLET,,
JAGUAR,,
JAGUAR,,
FORD,,
CHEVROLET,,
CHEVROLET,,
AUDI,,
FORD,,
JAGUAR,,
CHRYSLER,,
LEXUS,,
LEXUS,,
CHEVROLET,,
CHEVROLET,,
DODGE,,
DODGE,,
BMW,,
CHEVROLET,,
CHEVROLET,,
DODGE,,
FORD,,
FORD,,
LEXUS,,
LEXUS,,
FORD,,
CHEVROLET,,
AUDI,,
FORD,,
CHEVROLET,,
CHEVROLET,,
HONDA,,
GMC,,
TOYOTA,,
CHEVROLET,,
GMC,,
ISUZU,,
FORD,,
SUZUKI,,
FORD,,
CHEVROLET,,
CHRYSLER,,
CHRYSLER,,
CHRYSLER,,
JAGUAR,,
FORD,,
FORD,,
JEEP,,
JEEP,,
JAGUAR,,
JAGUAR,,
DODGE,,
DODGE,,
JEEP,,
JAGUAR,,
JAGUAR,,
CHRYSLER,,
CHRYSLER,,
DODGE,,
LEXUS,,
LEXUS,,
CHEVROLET,,
LEXUS,,
FORD,,
FORD,,
BMW,,
JEEP,,
CHRYSLER,,
CHRYSLER,,
FORD,,
FORD,,
CHEVROLET,,
JEEP,,
JEEP,,
CHEVROLET,,
CHEVROLET,,
AUDI,,
AUDI,,
LEXUS,,
LEXUS,,
FORD,,
FORD,,
CHEVROLET,,
CHEVROLET,,
JEEP,,
LEXUS,,
LEXUS,,
DODGE,,
DODGE,,
FORD,,
FORD,,
FORD,,
FORD,,
AUDI,,
AUDI,,
AUDI,,
AUDI,,
DODGE,,
FORD,,
JAGUAR,,
JAGUAR,,
AUDI,,
AUDI,,
FORD,,
CHEVROLET,,
BMW,,
JEEP,,
CHEVROLET,,
HONDA,,
CHRYSLER,,
CHEVROLET,,
NISSAN,,
LAND ROVER,,
DODGE,,
YAMAHA,,
CHEVROLET,,
HYUNDAI,,
FORD,,
CHEVROLET,,
AUDI,,
CHEVROLET,,
JAGUAR,,
JAGUAR,,
AUDI,,
AUDI,,
DODGE,,
AUDI,,
AUDI,,
AUDI,,
AUDI,,
DODGE,,
DODGE,,
JAGUAR,,
FORD,,
FORD,,
AUDI,,
CHRYSLER,,
CHRYSLER,,
FORD,,
AUDI,,
AUDI,,
BMW,,
BMW,,
FORD,,
AUDI,,
AUDI,,
DODGE,,
CHRYSLER,,
FORD,,
FORD,,
CHEVROLET,,
CHEVROLET,,
BMW,,
BMW,,
LEXUS,,
LEXUS,,
BMW,,
AUDI,,
JAGUAR,,
JAGUAR,,
FORD,,
CHRYSLER,,
CHRYSLER,,
DODGE,,
CHEVROLET,,
CHRYSLER,,
CHRYSLER,,
AUDI,,
CHEVROLET,,
CHEVROLET,,
FORD,,
FORD,,
CHRYSLER,,
BMW,,
FORD,,
FORD,,
FORD,,
FORD,,
AUDI,,
JAGUAR,,
CHEVROLET,,
CHEVROLET,,
FORD,,
CHEVROLET,,
CHEVROLET,,
DODGE,,
DODGE,,
DODGE,,
CHEVROLET,,
CHEVROLET,,
VOLVO,,
TOYOTA,,
BUICK,,
CHRYSLER,,
FORD,,
FORD,,
JAGUAR,,
AUDI,,
AUDI,,
LEXUS,,
AUDI,,
AUDI,,
JEEP,,
JEEP,,
AUDI,,
AUDI,,
CHEVROLET,,
CHEVROLET,,
CHRYSLER,,
CHRYSLER,,
CHEVROLET,,
CHRYSLER,,
DODGE,,
FORD,,
FORD,,
FORD,,
BMW,,
BMW,,
FORD,,
DODGE,,
JEEP,,
FORD,,
DODGE,,
BMW,,
JEEP,,
CHEVROLET,,
CHRYSLER,,
CHRYSLER,,
CHEVROLET,,
CHEVROLET,,
AUDI,,
AUDI,,
AUDI,,
AUDI,,
FORD,,
FORD,,
CHEVROLET,,
FORD,,
AUDI,,
LEXUS,,
LEXUS,,
JAGUAR,,
FORD,,
FORD,,
CHRYSLER,,
FORD,,
FORD,,
CHEVROLET,,
CHEVROLET,,
AUDI,,
FORD,,
CHEVROLET,,
CHEVROLET,,
CHEVROLET,,
CHEVROLET,,
BMW,,
CHEVROLET,,
CHEVROLET,,
AUDI,,
CHEVROLET,,
CHEVROLET,,
CHEVROLET,,
AUDI,,
AUDI,,
AUDI,,
HYUNDAI,,
HONDA,,
FORD,,
PONTIAC,,
FORD,,
MAZDA,,
MERCURY,,
FORD,,
BUICK,,
KIA,,
FORD,,
FORD,,
FORD,,
FORD,,
CHEVROLET,,
CHEVROLET,,
DODGE,,
DODGE,,
FORD,,
FORD,,
FORD,,
FORD,,
AUDI,,
AUDI,,
AUDI,,
AUDI,,
FORD,,
FORD,,
CHEVROLET,,
CHEVROLET,,
CHEVROLET,,
CHEVROLET,,
CHEVROLET,,
CHEVROLET,,
CHEVROLET,,
CHEVROLET,,
AUDI,,
CHEVROLET,,
CHEVROLET,,
LEXUS,,
LEXUS,,
FORD,,
FORD,,
AUDI,,
AUDI,,
JAGUAR,,
JAGUAR,,
DODGE,,
DODGE,,
CHRYSLER,,
CHRYSLER,,
AUDI,,
CHEVROLET,,
CHEVROLET,,
JEEP,,
JEEP,,
FORD,,
AUDI,,
CHEVROLET,,
CHEVROLET,,
FORD,,
FORD,,
CHEVROLET,,
CHEVROLET,,
FORD,,
CHEVROLET,,
CHEVROLET,,
FORD,,
FORD,,
AUDI,,
CHEVROLET,,
FORD,,
FORD,,
AUDI,,
AUDI,,
JEEP,,
JEEP,,
DODGE,,
AUDI,,
CHEVROLET,,
CHEVROLET,,
FORD,,
HYUNDAI,,
SATURN,,
FORD,,
TOYOTA,,
CHRYSLER,,
DODGE,,
BMW,,
BMW,,
CHEVROLET,,
CHEVROLET,,
JEEP,,
JEEP,,
AUDI,,
AUDI,,
CHEVROLET,,
CHEVROLET,,
AUDI,,
AUDI,,
BMW,,
BMW,,
JEEP,,
JEEP,,
LEXUS,,
CHEVROLET,,
CHEVROLET,,
FORD,,
FORD,,
AUDI,,
FORD,,
AUDI,,
AUDI,,
CHEVROLET,,
CHEVROLET,,
JEEP,,
JEEP,,
CHEVROLET,,
CHEVROLET,,
BMW,,
BMW,,
FORD,,
FORD,,
BMW,,
BMW,,
CHRYSLER,,
CHRYSLER,,
FORD,,
FORD,,
CHEVROLET,,
CHEVROLET,,
AUDI,,
AUDI,,
CHEVROLET,,
JAGUAR,,
CHEVROLET,,
CHEVROLET,,
JEEP,,
JEEP,,
JAGUAR,,
JAGUAR,,
FORD,,
FORD,,
AUDI,,
AUDI,,
FORD,,
CHEVROLET,,
FORD,,
FORD,,
CHEVROLET,,
CHEVROLET,,
DODGE,,
DODGE,,
FORD,,
JAGUAR,,
JAGUAR,,
PONTIAC,,
FORD,,
KIA,,
SATURN,,
FORD,,
MERCURY,,
FORD,,
LEXUS,,
JAGUAR,,
JAGUAR,,
CHRYSLER,,
CHEVROLET,,
CHEVROLET,,
JEEP,,
JEEP,,
AUDI,,
AUDI,,
DODGE,,
DODGE,,
DODGE,,
AUDI,,
AUDI,,
AUDI,,
AUDI,,
AUDI,,
AUDI,,
AUDI,,
AUDI,,
FORD,,
FORD,,
FORD,,
JEEP,,
FORD,,
FORD,,
AUDI,,
CHEVROLET,,
LEXUS,,
LEXUS,,
JEEP,,
AUDI,,
LEXUS,,
LEXUS,,
CHEVROLET,,
CHEVROLET,,
JAGUAR,,
BMW,,
AUDI,,
AUDI,,
DODGE,,
DODGE,,
AUDI,,
CHRYSLER,,
CHRYSLER,,
CHEVROLET,,
DODGE,,
DODGE,,
DODGE,,
DODGE,,
LEXUS,,
LEXUS,,
JEEP,,
JEEP,,
CHEVROLET,,
CHEVROLET,,
FORD,,
FORD,,
CHEVROLET,,
CHEVROLET,,
CHEVROLET,,
CHEVROLET,,
AUDI,,
AUDI,,
FORD,,
FORD,,
FORD,,
FORD,,
JEEP,,
DODGE,,
DODGE,,
CHEVROLET,,
HONDA,,
FORD,,
VOLVO,,
BLUE BIRD,,
INFINITI,,
MERCURY,,
DODGE,,
FORD,,
DODGE,,
DODGE,,
AUDI,,
AUDI,,
JAGUAR,,
JAGUAR,,
JAGUAR,,
AUDI,,
CHEVROLET,,
CHEVROLET,,
CHEVROLET,,
CHEVROLET,,
CHEVROLET,,
CHEVROLET,,
DODGE,,
DODGE,,
JAGUAR,,
JAGUAR,,
JEEP,,
JEEP,,
CHEVROLET,,
CHEVROLET,,
CHEVROLET,,
JEEP,,
JEEP,,
LEXUS,,
FORD,,
FORD,,
AUDI,,
CHEVROLET,,
CHEVROLET,,
CHEVROLET,,
DODGE,,
DODGE,,
CHEVROLET,,
CHEVROLET,,
CHRYSLER,,
CHRYSLER,,
FORD,,
CHRYSLER,,
CHRYSLER,,
LEXUS,,
LEXUS,,
CHEVROLET,,
CHEVROLET,,
JEEP,,
LEXUS,,
LEXUS,,
LEXUS,,
LEXUS,,
CHEVROLET,,
AUDI,,
AUDI,,
AUDI,,
CHEVROLET,,
CHEVROLET,,
JEEP,,
DODGE,,
DODGE,,
AUDI,,
AUDI,,
CHEVROLET,,
CHEVROLET,,
AUDI,,
AUDI,,
FORD,,
FORD,,
FORD,,
DODGE,,
IC,,
CHRYSLER,,
NISSAN,,
DODGE,,
TOYOTA,,
MERCEDES BENZ,,
CHRYSLER,,
CHRYSLER,,
FORD,,
JEEP,,
JEEP,,
AUDI,,
AUDI,,
FORD,,
FORD,,
CHRYSLER,,
CHRYSLER,,
JAGUAR,,
FORD,,
FORD,,
AUDI,,
AUDI,,
AUDI,,
FORD,,
FORD,,
CHRYSLER,,
CHEVROLET,,
CHEVROLET,,
CHEVROLET,,
CHEVROLET,,
FORD,,
AUDI,,
CHRYSLER,,
FORD,,
FORD,,
FORD,,
FORD,,
FORD,,
AUDI,,
CHRYSLER,,
CHRYSLER,,
CHRYSLER,,
JEEP,,
JEEP,,
JEEP,,
JEEP,,
BMW,,
BMW,,
CHEVROLET,,
CHEVROLET,,
CHRYSLER,,
CHRYSLER,,
FORD,,
FORD,,
FORD,,
CHEVROLET,,
CHEVROLET,,
JEEP,,
CHRYSLER,,
CHRYSLER,,
DODGE,,
BMW,,
BMW,,
JAGUAR,,
JAGUAR,,
AUDI,,
AUDI,,
CHEVROLET,,
FORD,,
FORD,,
AUDI,,
AUDI,,
JAGUAR,,
CHEVROLET,,
FORD,,
FORD,,
CHRYSLER,,
FORD,,
FORD,,
FORD,,
FORD,,
FORD,,
FORD,,
FORD,,
FORD,,
FORD,,
FORD,,
CHEVROLET,,
CHEVROLET,,
CHEVROLET,,
CHEVROLET,,
CHEVROLET,,
CHEVROLET,,
CHEVROLET,,
CHEVROLET,,
CHEVROLET,,
CHEVROLET,,
CHEVROLET,,
CHEVROLET,,
CHEVROLET,,
CHEVROLET,,
DODGE,,
AUDI,,
CHEVROLET,,
LEXUS,,
LEXUS,,
AUDI,,
FORD,,
FORD,,
CHEVROLET,,
CHEVROLET,,
LEXUS,,
FORD,,
DODGE,,
DODGE,,
FORD,,
FORD,,
JEEP,,
JEEP,,
FORD,,
FORD,,
FORD,,
FORD,,
FORD,,
DODGE,,
CHRYSLER,,
CHRYSLER,,
BMW,,
BMW,,
CHEVROLET,,
CHRYSLER,,
AUDI,,
AUDI,,
AUDI,,
AUDI,,
FORD,,
FORD,,
JAGUAR,,
JAGUAR,,
CHEVROLET,,
DODGE,,
DODGE,,
FORD,,
FORD,,
FORD,,
CHEVROLET,,
DODGE,,
AUDI,,
DODGE,,
FORD,,
JAGUAR,,
FORD,,
FORD,,
CHRYSLER,,
CHRYSLER,,
AUDI,,
AUDI,,
BMW,,
AUDI,,
AUDI,,
JEEP,,
JEEP,,
AUDI,,
DODGE,,
LEXUS,,
LEXUS,,
AUDI,,
AUDI,,
AUDI,,
AUDI,,
CHEVROLET,,
CHEVROLET,,
CHEVROLET,,
LEXUS,,
LEXUS,,
JAGUAR,,
JAGUAR,,
AUDI,,
JAGUAR,,
JAGUAR,,
BMW,,
JAGUAR,,
JAGUAR,,
BMW,,
JEEP,,
JEEP,,
AUDI,,
CHEVROLET,,
CHEVROLET,,
LEXUS,,
LEXUS,,
CHRYSLER,,
FORD,,
FORD,,
AUDI,,
AUDI,,
AUDI,,
JEEP,,
AUDI,,
AUDI,,
AUDI,,
AUDI,,
JEEP,,
LEXUS,,
LEXUS,,
DODGE,,
DODGE,,
DODGE,,
DODGE,,
JEEP,,
JEEP,,
AUDI,,
AUDI,,
CHEVROLET,,
CHEVROLET,,
AUDI,,
CHEVROLET,,
JEEP,,
JEEP,,
AUDI,,
AUDI,,
CHEVROLET,,
CHEVROLET,,
CHEVROLET,,
CHEVROLET,,
BMW,,
BMW,,
FORD,,
FORD,,
CHRYSLER,,
DODGE,,
BMW,,
BMW,,
AUDI,,
AUDI,,
JEEP,,
JEEP,,
FORD,,
LEXUS,,
FORD,,
CHEVROLET,,
CHEVROLET,,
AUDI,,
AUDI,,
AUDI,,
CHEVROLET,,
AUDI,,
AUDI,,
AUDI,,
FORD,,
FORD,,
AUDI,,
AUDI,,
JAGUAR,,
CHEVROLET,,
DODGE,,
DODGE,,
FORD,,
FORD,,
JEEP,,
JEEP,,
LEXUS,,
LEXUS,,
AUDI,,
FORD,,
AUDI,,
AUDI,,
AUDI,,
JAGUAR,,
JAGUAR,,
CHEVROLET,,
CHEVROLET,,
CHEVROLET,,
JAGUAR,,
JAGUAR,,
DODGE,,
DODGE,,
JAGUAR,,
JEEP,,
JEEP,,
CHRYSLER,,
JAGUAR,,
AUDI,,
JEEP,,
LEXUS,,
LEXUS,,
LEXUS,,
AUDI,,
AUDI,,
CHEVROLET,,
FORD,,
FORD,,
DODGE,,
DODGE,,
DODGE,,
AUDI,,
AUDI,,
CHEVROLET,,
CHEVROLET,,
CHEVROLET,,
CHEVROLET,,
DODGE,,
DODGE,,
AUDI,,
AUDI,,
CHEVROLET,,
CHEVROLET,,
JEEP,,
CHEVROLET,,
FORD,,
FORD,,
CHEVROLET,,
CHEVROLET,,
FORD,,
FORD,,
FORD,,
FORD,,
AUDI,,
AUDI,,
DODGE,,
DODGE,,
AUDI,,
AUDI,,
JEEP,,
JEEP,,
AUDI,,
AUDI,,
CHEVROLET,,
CHEVROLET,,
CHEVROLET,,
LEXUS,,
LEXUS,,
AUDI,,
CHRYSLER,,
CHRYSLER,,
DODGE,,
DODGE,,
JAGUAR,,
JEEP,,
JEEP,,
CHEVROLET,,
CHEVROLET,,
FORD,,
FORD,,
FORD,,
FORD,,
CHEVROLET,,
DODGE,,
JAGUAR,,
FORD,,
FORD,,
CHEVROLET,,
CHEVROLET,,
FORD,,
FORD,,
CHEVROLET,,
CHEVROLET,,
FORD,,
FORD,,
FORD,,
DODGE,,
DODGE,,
AUDI,,
AUDI,,
DODGE,,
DODGE,,
JAGUAR,,
JAGUAR,,
JEEP,,
JEEP,,
JEEP,,
AUDI,,
AUDI,,
FORD,,
FORD,,
CHEVROLET,,
CHEVROLET,,
DODGE,,
CHEVROLET,,
CHEVROLET,,
DODGE,,
BMW,,
BMW,,
JEEP,,
JEEP,,
FORD,,
FORD,,
AUDI,,
AUDI,,
JEEP,,
JEEP,,
CHEVROLET,,
CHEVROLET,,
FORD,,
CHEVROLET,,
JAGUAR,,
JAGUAR,,
CHEVROLET,,
CHEVROLET,,
AUDI,,
AUDI,,
CHEVROLET,,
CHEVROLET,,
JAGUAR,,
JAGUAR,,
CHRYSLER,,
FORD,,
DODGE,,
DODGE,,
AUDI,,
AUDI,,
CHEVROLET,,
AUDI,,
AUDI,,
LEXUS,,
AUDI,,
AUDI,,
CHEVROLET,,
CHEVROLET,,
CHEVROLET,,
CHEVROLET,,
AUDI,,
AUDI,,
CHRYSLER,,
DODGE,,
FORD,,
FORD,,
CHEVROLET,,
CHEVROLET,,
CHEVROLET,,
FORD,,
FORD,,
CHEVROLET,,
CHEVROLET,,
FORD,,
FORD,,
JAGUAR,,
JAGUAR,,
CHRYSLER,,
CHRYSLER,,
BMW,,
BMW,,
AUDI,,
AUDI,,
DODGE,,
JAGUAR,,
AUDI,,
AUDI,,
CHRYSLER,,
DODGE,,
DODGE,,
DODGE,,
DODGE,,
FORD,,
FORD,,
CHRYSLER,,
CHRYSLER,,
CHEVROLET,,
CHEVROLET,,
JAGUAR,,
CHEVROLET,,
CHEVROLET,,
CHEVROLET,,
CHEVROLET,,
CHEVROLET,,
CHEVROLET,,
CHEVROLET,,
CHEVROLET,,
AUDI,,
AUDI,,
AUDI,,
FORD,,
FORD,,
AUDI,,
AUDI,,
CHRYSLER,,
FORD,,
FORD,,
JEEP,,
JEEP,,
BMW,,
BMW,,
FORD,,
FORD,,
CHEVROLET,,
FORD,,
BMW,,
JEEP,,
JEEP,,
FORD,,
FORD,,
FORD,,
FORD,,
FORD,,
CHEVROLET,,
CHEVROLET,,
JAGUAR,,
JAGUAR,,
CHEVROLET,,
CHEVROLET,,
CHEVROLET,,
FORD,,
FORD,,
AUDI,,
AUDI,,
FORD,,
CHEVROLET,,
DODGE,,
CHEVROLET,,
AUDI,,
LEXUS,,
LEXUS,,
BMW,,
BMW,,
FORD,,
FORD,,
CHEVROLET,,
DODGE,,
DODGE,,
DODGE,,
FORD,,
FORD,,
BMW,,
JEEP,,
DODGE,,
DODGE,,
DODGE,,
DODGE,,
DODGE,,
JEEP,,
JEEP,,
JEEP,,
BMW,,
FORD,,
AUDI,,
AUDI,,
FORD,,
FORD,,
FORD,,
CHRYSLER,,
DODGE,,
DODGE,,
FORD,,
FORD,,
DODGE,,
DODGE,,
DODGE,,
DODGE,,
CHEVROLET,,
CHEVROLET,,
JEEP,,
JEEP,,
CHEVROLET,,
CHEVROLET,,
DODGE,,
DODGE,,
FORD,,
FORD,,
AUDI,,
AUDI,,
FORD,,
FORD,,
AUDI,,
DODGE,,
DODGE,,
JEEP,,
JEEP,,
DODGE,,
DODGE,,
FORD,,
FORD,,
JEEP,,
JEEP,,
FORD,,
FORD,,
FORD,,
FORD,,
CHRYSLER,,
CHEVROLET,,
CHEVROLET,,
FORD,,
FORD,,
CHEVROLET,,
CHEVROLET,,
AUDI,,
DODGE,,
DODGE,,
CHEVROLET,,
CHEVROLET,,
JEEP,,
JEEP,,
LEXUS,,
LEXUS,,
FORD,,
FORD,,
FORD,,
AUDI,,
JEEP,,
JEEP,,
AUDI,,
AUDI,,
FORD,,
AUDI,,
AUDI,,
FORD,,
FORD,,
FORD,,
FORD,,
JEEP,,
CHRYSLER,,
AUDI,,
AUDI,,
JAGUAR,,
FORD,,
CHEVROLET,,
LEXUS,,
LEXUS,,
FORD,,
FORD,,
BMW,,
BMW,,
CHRYSLER,,
CHRYSLER,,
AUDI,,
CHRYSLER,,
CHRYSLER,,
LEXUS,,
LEXUS,,
AUDI,,
BMW,,
BMW,,
BMW,,
JEEP,,
JEEP,,
JEEP,,
FORD,,
FORD,,
FORD,,
FORD,,
DODGE,,
DODGE,,
AUDI,,
AUDI,,
CHEVROLET,,
LEXUS,,
LEXUS,,
AUDI,,
FORD,,
FORD,,
FORD,,
AUDI,,
AUDI,,
DODGE,,
DODGE,,
CHRYSLER,,
CHRYSLER,,
CHEVROLET,,
CHEVROLET,,
FORD,,
CHEVROLET,,
CHEVROLET,,
FORD,,
FORD,,
BMW,,
BMW,,
DODGE,,
LEXUS,,
FORD,,
FORD,,
AUDI,,
CHRYSLER,,
AUDI,,
CHRYSLER,,
CHRYSLER,,
FORD,,
FORD,,
BMW,,
BMW,,
BMW,,
JAGUAR,,
JAGUAR,,
JEEP,,
JEEP,,
FORD,,
FORD,,
CHEVROLET,,
CHEVROLET,,
CHEVROLET,,
AUDI,,
AUDI,,
FORD,,
FORD,,
FORD,,
FORD,,
FORD,,
AUDI,,
CHEVROLET,,
FORD,,
FORD,,
DODGE,,
DODGE,,
FORD,,
CHEVROLET,,
CHEVROLET,,
FORD,,
FORD,,
AUDI,,
AUDI,,
FORD,,
FORD,,
LEXUS,,
DODGE,,
DODGE,,
FORD,,
FORD,,
JEEP,,
BMW,,
BMW,,
CHEVROLET,,
CHEVROLET,,
FORD,,
FORD,,
CHEVROLET,,
CHEVROLET,,
AUDI,,
AUDI,,
JEEP,,
AUDI,,
AUDI,,
CHEVROLET,,
CHEVROLET,,
AUDI,,
AUDI,,
LEXUS,,
LEXUS,,
JEEP,,
JEEP,,
CHEVROLET,,
CHRYSLER,,
CHRYSLER,,
JAGUAR,,
FORD,,
AUDI,,
AUDI,,
FORD,,
FORD,,
CHEVROLET,,
CHEVROLET,,
AUDI,,
AUDI,,
CHRYSLER,,
CHRYSLER,,
CHEVROLET,,
CHEVROLET,,
JEEP,,
CHEVROLET,,
CHEVROLET,,
JAGUAR,,
JAGUAR,,
AUDI,,
AUDI,,
CHEVROLET,,
CHRYSLER,,
CHEVROLET,,
CHEVROLET,,
CHRYSLER,,
CHRYSLER,,
AUDI,,
AUDI,,
JAGUAR,,
JAGUAR,,
FORD,,
FORD,,
CHEVROLET,,
CHEVROLET,,
JAGUAR,,
AUDI,,
JAGUAR,,
JEEP,,
BMW,,
BMW,,
FORD,,
AUDI,,
AUDI,,
CHEVROLET,,
FORD,,
CHEVROLET,,
CHEVROLET,,
DODGE,,
DODGE,,
FORD,,
DODGE,,
DODGE,,
BMW,,
FORD,,
BMW,,
BMW,,
CHRYSLER,,
CHRYSLER,,
LEXUS,,
LEXUS,,
JEEP,,
JEEP,,
CHRYSLER,,
CHRYSLER,,
AUDI,,
JAGUAR,,
FORD,,
FORD,,
FORD,,
FORD,,
CHEVROLET,,
CHEVROLET,,
AUDI,,
AUDI,,
FORD,,
JEEP,,
JEEP,,
JAGUAR,,
JAGUAR,,
DODGE,,
DODGE,,
AUDI,,
FORD,,
FORD,,
AUDI,,
AUDI,,
CHRYSLER,,
AUDI,,
AUDI,,
BMW,,
BMW,,
FORD,,
FORD,,
CHEVROLET,,
DODGE,,
FORD,,
DODGE,,
DODGE,,
AUDI,,
AUDI,,
CHEVROLET,,
CHEVROLET,,
CHEVROLET,,
JEEP,,
CHEVROLET,,
CHEVROLET,,
CHRYSLER,,
CHRYSLER,,
CHEVROLET,,
CHEVROLET,,
FORD,,
FORD,,
CHRYSLER,,
JAGUAR,,
CHEVROLET,,
JEEP,,
CHRYSLER,,
CHRYSLER,,
AUDI,,
AUDI,,
AUDI,,
FORD,,
FORD,,
CHRYSLER,,
CHRYSLER,,
FORD,,
CHRYSLER,,
CHRYSLER,,
FORD,,
FORD,,
CHEVROLET,,
CHEVROLET,,
LEXUS,,
LEXUS,,
FORD,,
FORD,,
CHRYSLER,,
CHRYSLER,,
JEEP,,
FORD,,
FORD,,
DODGE,,
DODGE,,
FORD,,
FORD,,
AUDI,,
AUDI,,
FORD,,
JAGUAR,,
CHEVROLET,,
LEXUS,,
LEXUS,,
JAGUAR,,
JAGUAR,,
FORD,,
FORD,,
AUDI,,
AUDI,,
JAGUAR,,
JEEP,,
JEEP,,
CHRYSLER,,
FORD,,
JAGUAR,,
JAGUAR,,
FORD,,
FORD,,
AUDI,,
AUDI,,
DODGE,,
DODGE,,
CHEVROLET,,
CHEVROLET,,
CHRYSLER,,
JEEP,,
JEEP,,
AUDI,,
AUDI,,
CHEVROLET,,
AUDI,,
AUDI,,
CHEVROLET,,
CHEVROLET,,
CHRYSLER,,
CHRYSLER,,
DODGE,,
DODGE,,
AUDI,,
AUDI,,
CHEVROLET,,
AUDI,,
CHRYSLER,,
CHRYSLER,,
AUDI,,
DODGE,,
FORD,,
FORD,,
JEEP,,
JEEP,,
LEXUS,,
LEXUS,,
JAGUAR,,
JAGUAR,,
CHRYSLER,,
JAGUAR,,
CHRYSLER,,
CHRYSLER,,
CHEVROLET,,
FORD,,
FORD,,
FORD,,
FORD,,
BMW,,
BMW,,
FORD,,
FORD,,
DODGE,,
DODGE,,
AUDI,,
AUDI,,
AUDI,,
AUDI,,
JAGUAR,,
JAGUAR,,
CHRYSLER,,
CHRYSLER,,
BMW,,
CHEVROLET,,
CHEVROLET,,
CHEVROLET,,
DODGE,,
DODGE,,
LEXUS,,
LEXUS,,
CHEVROLET,,
LEXUS,,
LEXUS,,
FORD,,
FORD,,
LEXUS,,
FORD,,
JEEP,,
JAGUAR,,
JAGUAR,,
AUDI,,
LEXUS,,
LEXUS,,
AUDI,,
AUDI,,
CHEVROLET,,
CHRYSLER,,
DODGE,,
JEEP,,
FORD,,
FORD,,
CHRYSLER,,
BMW,,
BMW,,
BMW,,
BMW,,
FORD,,
FORD,,
JEEP,,
JEEP,,
AUDI,,
AUDI,,
FORD,,
AUDI,,
CHEVROLET,,
CHEVROLET,,
CHEVROLET,,
CHEVROLET,,
CHEVROLET,,
BMW,,
FORD,,
FORD,,
CHEVROLET,,
FORD,,
FORD,,
JEEP,,
CHRYSLER,,
CHRYSLER,,
BMW,,
BMW,,
FORD,,
FORD,,
FORD,,
DODGE,,
DODGE,,
BMW,,
BMW,,
AUDI,,
AUDI,,
CHEVROLET,,
CHEVROLET,,
AUDI,,
CHEVROLET,,
AUDI,,
AUDI,,
FORD,,
CHRYSLER,,
CHEVROLET,,
CHEVROLET,,
AUDI,,
AUDI,,
DODGE,,
DODGE,,
LEXUS,,
DODGE,,
FORD,,
AUDI,,
AUDI,,
CHEVROLET,,
CHEVROLET,,
DODGE,,
DODGE,,
CHRYSLER,,
CHRYSLER,,
CHEVROLET,,
CHEVROLET,,
JEEP,,
JEEP,,
JEEP,,
CHRYSLER,,
CHRYSLER,,
LEXUS,,
FORD,,
FORD,,
AUDI,,
FORD,,
FORD,,
AUDI,,
AUDI,,
AUDI,,
AUDI,,
FORD,,
FORD,,
BMW,,
BMW,,
FORD,,
FORD,,
AUDI,,
CHEVROLET,,
AUDI,,
AUDI,,
JEEP,,
JEEP,,
DODGE,,
DODGE,,
AUDI,,
AUDI,,
JAGUAR,,
CHEVROLET,,
JAGUAR,,
JAGUAR,,
AUDI,,
JEEP,,
FORD,,
FORD,,
LEXUS,,
LEXUS,,
CHEVROLET,,
CHEVROLET,,
FORD,,
FORD,,
CHEVROLET,,
CHEVROLET,,
JAGUAR,,
JAGUAR,,
JAGUAR,,
FORD,,
CHEVROLET,,
CHEVROLET,,
CHRYSLER,,
CHRYSLER,,
LEXUS,,
AUDI,,
AUDI,,
AUDI,,
AUDI,,
CHEVROLET,,
JEEP,,
BMW,,
BMW,,
FORD,,
FORD,,
FORD,,
FORD,,
CHEVROLET,,
